Region,Commune,Prix_m2_appart_regression,Prix_m2_villa_regression
Tanger-Tetouan-Al Hoceima,Charf-Mghogha,12 890 MAD,9 358 MAD
Tanger-Tetouan-Al Hoceima,Tanger-Médina,11 700 MAD,8 395 MAD
Tanger-Tetouan-Al Hoceima,Charf-Souani,10 690 MAD,10 430 MAD
Tanger-Tetouan-Al Hoceima,M'Diq,10 620 MAD,9 743 MAD
Tanger-Tetouan-Al Hoceima,Assilah,8 772 MAD,7 312 MAD
Tanger-Tetouan-Al Hoceima,Al Hoceima,8 242 MAD,6 546 MAD
Tanger-Tetouan-Al Hoceima,Fnideq,8 030 MAD,11 170 MAD
Tanger-Tetouan-Al Hoceima,Tétouan,7 585 MAD,8 342 MAD
Tanger-Tetouan-Al Hoceima,Martil,7 464 MAD,8 984 MAD
Tanger-Tetouan-Al Hoceima,Bni Makada,7 046 MAD,14 590 MAD
Tanger-Tetouan-Al Hoceima,Gueznaia,6 531 MAD,8 334 MAD
Tanger-Tetouan-Al Hoceima,Oued Laou,6 492 MAD,7 753 MAD
Tanger-Tetouan-Al Hoceima,Sahtryine,5 712 MAD,8 015 MAD
Tanger-Tetouan-Al Hoceima,Larache,5 694 MAD,7 541 MAD
Tanger-Tetouan-Al Hoceima,Zaaroura,5 369 MAD,8 102 MAD
Tanger-Tetouan-Al Hoceima,Ksar El Kebir,4 730 MAD,5 960 MAD
Tanger-Tetouan-Al Hoceima,Iounane,4 645 MAD,7 788 MAD
Tanger-Tetouan-Al Hoceima,Laouamra,4 645 MAD,7 166 MAD
Tanger-Tetouan-Al Hoceima,Bni Bchir,4 591 MAD,8 015 MAD
Tanger-Tetouan-Al Hoceima,Zaouiat Sidi Abdelkader,4 591 MAD,7 435 MAD
Tanger-Tetouan-Al Hoceima,Zarkt,4 591 MAD,7 435 MAD
Tanger-Tetouan-Al Hoceima,Bni Gmil Maksouline,4 591 MAD,7 348 MAD
Tanger-Tetouan-Al Hoceima,Bni Hadifa,4 591 MAD,6 977 MAD
Tanger-Tetouan-Al Hoceima,Bni Gmil,4 591 MAD,8 015 MAD
Tanger-Tetouan-Al Hoceima,Abdelghaya Souahel,4 591 MAD,7 348 MAD
Tanger-Tetouan-Al Hoceima,Bni Abdallah,4 591 MAD,7 435 MAD
Tanger-Tetouan-Al Hoceima,Tamsaout,4 591 MAD,8 015 MAD
Tanger-Tetouan-Al Hoceima,Ait Kamra,4 591 MAD,7 540 MAD
Tanger-Tetouan-Al Hoceima,Tifarouine,4 591 MAD,7 348 MAD
Tanger-Tetouan-Al Hoceima,Bni Ahmed Imoukzan,4 591 MAD,8 015 MAD
Tanger-Tetouan-Al Hoceima,Bni Rzine,4 591 MAD,8 015 MAD
Tanger-Tetouan-Al Hoceima,Bni Selmane,4 591 MAD,8 015 MAD
Tanger-Tetouan-Al Hoceima,Bni Smih,4 591 MAD,8 015 MAD
Tanger-Tetouan-Al Hoceima,Tizgane,4 591 MAD,8 015 MAD
Tanger-Tetouan-Al Hoceima,M'tioua,4 591 MAD,7 674 MAD
Tanger-Tetouan-Al Hoceima,Ouaouzgane,4 591 MAD,8 015 MAD
Tanger-Tetouan-Al Hoceima,Bab Berred,4 591 MAD,7 644 MAD
Tanger-Tetouan-Al Hoceima,Bni Mansour,4 591 MAD,8 015 MAD
Tanger-Tetouan-Al Hoceima,Bni Ahmed Gharbia,4 591 MAD,8 015 MAD
Tanger-Tetouan-Al Hoceima,Bni Darkoul,4 591 MAD,8 102 MAD
Tanger-Tetouan-Al Hoceima,Anjra,4 591 MAD,7 435 MAD
Tanger-Tetouan-Al Hoceima,Malloussa,4 591 MAD,8 015 MAD
Tanger-Tetouan-Al Hoceima,Ksar Bjir,4 591 MAD,7 901 MAD
Tanger-Tetouan-Al Hoceima,Souk L'Qolla,4 591 MAD,8 102 MAD
Tanger-Tetouan-Al Hoceima,Souk Tolba,4 591 MAD,8 015 MAD
Tanger-Tetouan-Al Hoceima,Tatoft,4 591 MAD,8 015 MAD
Tanger-Tetouan-Al Hoceima,Zouada,4 591 MAD,7 393 MAD
Tanger-Tetouan-Al Hoceima,Kalaat Bouqorra,4 591 MAD,7 435 MAD
Tanger-Tetouan-Al Hoceima,Ain Beida,4 591 MAD,8 015 MAD
Tanger-Tetouan-Al Hoceima,Moqrisset,4 591 MAD,6 754 MAD
Tanger-Tetouan-Al Hoceima,Bni Quolla,4 591 MAD,8 015 MAD
Tanger-Tetouan-Al Hoceima,Sahel Chamali,4 591 MAD,8 015 MAD
Tanger-Tetouan-Al Hoceima,Sebt Azzinate,4 591 MAD,8 015 MAD
Tanger-Tetouan-Al Hoceima,Oulad Ali Mansour,4 591 MAD,8 015 MAD
Tanger-Tetouan-Al Hoceima,Zaouiat Sidi Kacem,4 591 MAD,8 015 MAD
Tanger-Tetouan-Al Hoceima,Saddina,4 591 MAD,7 901 MAD
Tanger-Tetouan-Al Hoceima,Azla,4 591 MAD,7 435 MAD
Tanger-Tetouan-Al Hoceima,Ain Lahsan,4 591 MAD,7 654 MAD
Tanger-Tetouan-Al Hoceima,Bni Idder,4 591 MAD,8 015 MAD
Tanger-Tetouan-Al Hoceima,Bni Said,4 591 MAD,8 015 MAD
Tanger-Tetouan-Al Hoceima,Bghaghza,4 591 MAD,8 015 MAD
Tanger-Tetouan-Al Hoceima,Oulad Ouchih,4 591 MAD,7 234 MAD
Tanger-Tetouan-Al Hoceima,Sidi Bousber,4 589 MAD,7 901 MAD
Tanger-Tetouan-Al Hoceima,Chakrane,4 581 MAD,7 348 MAD
Tanger-Tetouan-Al Hoceima,Bni Bounsar,4 568 MAD,8 001 MAD
Tanger-Tetouan-Al Hoceima,Tazroute,4 568 MAD,8 147 MAD
Tanger-Tetouan-Al Hoceima,Jouamaa,4 565 MAD,8 015 MAD
Tanger-Tetouan-Al Hoceima,Ksar Sghir,4 564 MAD,7 843 MAD
Tanger-Tetouan-Al Hoceima,Taghzout,4 561 MAD,7 777 MAD
Tanger-Tetouan-Al Hoceima,Dar Chaoui,4 402 MAD,7 901 MAD
Tanger-Tetouan-Al Hoceima,Bni Salah,4 336 MAD,7 033 MAD
Tanger-Tetouan-Al Hoceima,Fifi,4 336 MAD,7 845 MAD
Tanger-Tetouan-Al Hoceima,Tamorot,4 336 MAD,7 758 MAD
Tanger-Tetouan-Al Hoceima,Bni Harchen,4 336 MAD,7 179 MAD
Tanger-Tetouan-Al Hoceima,Arbaa Taourirt,4 319 MAD,7 348 MAD
Tanger-Tetouan-Al Hoceima,Al Bahraoyine,4 319 MAD,7 901 MAD
Tanger-Tetouan-Al Hoceima,Mallalienne,4 319 MAD,8 015 MAD
Tanger-Tetouan-Al Hoceima,Izemmouren,4 318 MAD,7 540 MAD
Tanger-Tetouan-Al Hoceima,Rouadi,4 318 MAD,8 015 MAD
Tanger-Tetouan-Al Hoceima,Ait Youssef Ou Ali,4 318 MAD,7 007 MAD
Tanger-Tetouan-Al Hoceima,Sidi Bouzineb,4 318 MAD,8 015 MAD
Tanger-Tetouan-Al Hoceima,Talambote,4 318 MAD,8 015 MAD
Tanger-Tetouan-Al Hoceima,Zghira,4 318 MAD,7 901 MAD
Tanger-Tetouan-Al Hoceima,HJAR ENNHAL,4 318 MAD,7 901 MAD
Tanger-Tetouan-Al Hoceima,Laaouama,4 318 MAD,7 901 MAD
Tanger-Tetouan-Al Hoceima,Al Oued,4 318 MAD,8 102 MAD
Tanger-Tetouan-Al Hoceima,Zinat,4 318 MAD,7 901 MAD
Tanger-Tetouan-Al Hoceima,Zaitoune,4 318 MAD,7 901 MAD
Tanger-Tetouan-Al Hoceima,Belyounech,4 318 MAD,7 901 MAD
Tanger-Tetouan-Al Hoceima,Bni Bouayach,4 311 MAD,7 234 MAD
Tanger-Tetouan-Al Hoceima,Al Manzla,4 311 MAD,7 988 MAD
Tanger-Tetouan-Al Hoceima,Tanaqoub,4 283 MAD,8 015 MAD
Tanger-Tetouan-Al Hoceima,Tassift,4 283 MAD,8 015 MAD
Tanger-Tetouan-Al Hoceima,Ounnana,4 283 MAD,8 015 MAD
Tanger-Tetouan-Al Hoceima,Zoumi,4 283 MAD,7 321 MAD
Tanger-Tetouan-Al Hoceima,Bni Ammart,4 282 MAD,7 318 MAD
Tanger-Tetouan-Al Hoceima,Moulay Ahmed Cherif,4 282 MAD,8 073 MAD
Tanger-Tetouan-Al Hoceima,Bni Bouchibet,4 282 MAD,8 015 MAD
Tanger-Tetouan-Al Hoceima,Senada,4 282 MAD,7 985 MAD
Tanger-Tetouan-Al Hoceima,Bni Boufrah,4 282 MAD,7 901 MAD
Tanger-Tetouan-Al Hoceima,Bni Faghloum,4 282 MAD,8 015 MAD
Tanger-Tetouan-Al Hoceima,Derdara,4 282 MAD,8 072 MAD
Tanger-Tetouan-Al Hoceima,Oued Malha,4 282 MAD,8 102 MAD
Tanger-Tetouan-Al Hoceima,Bab Taza,4 282 MAD,7 526 MAD
Tanger-Tetouan-Al Hoceima,Bni Bouzra,4 282 MAD,7 985 MAD
Tanger-Tetouan-Al Hoceima,Amtar,4 282 MAD,8 073 MAD
Tanger-Tetouan-Al Hoceima,Steha,4 282 MAD,7 985 MAD
Tanger-Tetouan-Al Hoceima,Bni Garfett,4 282 MAD,8 073 MAD
Tanger-Tetouan-Al Hoceima,Bou Jedyane,4 282 MAD,7 985 MAD
Tanger-Tetouan-Al Hoceima,Rissana Janoubia,4 282 MAD,7 985 MAD
Tanger-Tetouan-Al Hoceima,Sahel,4 282 MAD,7 901 MAD
Tanger-Tetouan-Al Hoceima,Rissana Chamalia,4 282 MAD,7 985 MAD
Tanger-Tetouan-Al Hoceima,Ayacha,4 282 MAD,8 073 MAD
Tanger-Tetouan-Al Hoceima,Souaken,4 282 MAD,7 901 MAD
Tanger-Tetouan-Al Hoceima,Masmouda,4 282 MAD,7 985 MAD
Tanger-Tetouan-Al Hoceima,Sidi Redouane,4 282 MAD,8 073 MAD
Tanger-Tetouan-Al Hoceima,Teroual,4 282 MAD,7 318 MAD
Tanger-Tetouan-Al Hoceima,Asjen,4 282 MAD,8 073 MAD
Tanger-Tetouan-Al Hoceima,Brikcha,4 282 MAD,6 441 MAD
Tanger-Tetouan-Al Hoceima,Had Al Gharbia,4 282 MAD,7 959 MAD
Tanger-Tetouan-Al Hoceima,Sidi Lyamani,4 282 MAD,8 030 MAD
Tanger-Tetouan-Al Hoceima,Aquouass Briech,4 282 MAD,7 871 MAD
Tanger-Tetouan-Al Hoceima,Souk Kdim,4 282 MAD,8 073 MAD
Tanger-Tetouan-Al Hoceima,Al Hamra,4 282 MAD,8 072 MAD
Tanger-Tetouan-Al Hoceima,Bni Leit,4 282 MAD,8 160 MAD
Tanger-Tetouan-Al Hoceima,AL Kharroub,4 281 MAD,7 985 MAD
Tanger-Tetouan-Al Hoceima,Ksar El Majaz,4 278 MAD,7 788 MAD
Tanger-Tetouan-Al Hoceima,Mzefroune,4 259 MAD,8 060 MAD
Tanger-Tetouan-Al Hoceima,Sidi Ahmed Cherif,4 259 MAD,8 073 MAD
Tanger-Tetouan-Al Hoceima,Louta,4 256 MAD,7 598 MAD
Tanger-Tetouan-Al Hoceima,Lamjaara,4 256 MAD,6 977 MAD
Tanger-Tetouan-Al Hoceima,Targuist,4 160 MAD,7 424 MAD
Tanger-Tetouan-Al Hoceima,Imzouren,4 160 MAD,6 889 MAD
Tanger-Tetouan-Al Hoceima,Ouezzane,4 160 MAD,7 556 MAD
Tanger-Tetouan-Al Hoceima,Chefchaouen,4 101 MAD,7 453 MAD
Tanger-Tetouan-Al Hoceima,Ajdir,4 066 MAD,7 007 MAD
Tanger-Tetouan-Al Hoceima,Issaguen,4 010 MAD,8 120 MAD
Tanger-Tetouan-Al Hoceima,Ketama,4 010 MAD,7 712 MAD
Tanger-Tetouan-Al Hoceima,Bni Arouss,4 009 MAD,8 073 MAD
Tanger-Tetouan-Al Hoceima,Nekkour,4 009 MAD,7 348 MAD
Tanger-Tetouan-Al Hoceima,Sidi Boutmim,4 009 MAD,7 405 MAD
Tanger-Tetouan-Al Hoceima,Imrabten,4 009 MAD,7 204 MAD
Tanger-Tetouan-Al Hoceima,Taghramt,4 009 MAD,8 015 MAD
Tanger-Tetouan-Al Hoceima,Jbel Lahbib,4 009 MAD,7 348 MAD
Tanger-Tetouan-Al Hoceima,Dar Bni Karrich,4 009 MAD,7 901 MAD
Tanger-Tetouan-Al Hoceima,Allyene,4 009 MAD,8 015 MAD
Region de l'orientale,Nador,7 378 MAD,11 700 MAD
Region de l'orientale,Ahl Angad,6 719 MAD,8 836 MAD
Region de l'orientale,Saidia,6 398 MAD,5 533 MAD
Region de l'orientale,Oujda,5 696 MAD,6 960 MAD
Region de l'orientale,Zegzel,5 622 MAD,7 204 MAD
Region de l'orientale,Houara Oulad Raho,5 484 MAD,8 015 MAD
Region de l'orientale,Boumerieme,5 105 MAD,8 015 MAD
Region de l'orientale,Bni Tadjite,5 105 MAD,7 674 MAD
Region de l'orientale,Ras El Ma,5 063 MAD,7 007 MAD
Region de l'orientale,Bouchaouene,5 039 MAD,8 015 MAD
Region de l'orientale,Tafoughalt,5 038 MAD,8 129 MAD
Region de l'orientale,Talsint,5 036 MAD,8 015 MAD
Region de l'orientale,Maatarka,5 036 MAD,6 897 MAD
Region de l'orientale,Gteter,5 027 MAD,7 788 MAD
Region de l'orientale,Selouane,5 000 MAD,7 453 MAD
Region de l'orientale,Ras Laksar,4 970 MAD,8 102 MAD
Region de l'orientale,Barkine,4 970 MAD,8 102 MAD
Region de l'orientale,Assebbab,4 970 MAD,8 015 MAD
Region de l'orientale,Bni Mathar,4 970 MAD,8 015 MAD
Region de l'orientale,Bsara,4 970 MAD,7 901 MAD
Region de l'orientale,Ain Lehjer,4 970 MAD,8 060 MAD
Region de l'orientale,Saka,4 969 MAD,8 015 MAD
Region de l'orientale,Guercif,4 935 MAD,7 605 MAD
Region de l'orientale,Oulad Sidi Abdelhakem,4 901 MAD,8 102 MAD
Region de l'orientale,Ain Chouater,4 854 MAD,6 783 MAD
Region de l'orientale,Bouanane,4 854 MAD,7 901 MAD
Region de l'orientale,Ain Chair,4 854 MAD,8 060 MAD
Region de l'orientale,Bni Guil,4 854 MAD,6 983 MAD
Region de l'orientale,Tendrara,4 832 MAD,7 674 MAD
Region de l'orientale,Abbou Lakhal,4 796 MAD,6 983 MAD
Region de l'orientale,Bouarg,4 777 MAD,7 292 MAD
Region de l'orientale,Tancherfi,4 720 MAD,8 015 MAD
Region de l'orientale,Oulad Bourima,4 719 MAD,8 015 MAD
Region de l'orientale,Lebkhata,4 719 MAD,8 060 MAD
Region de l'orientale,Laaouinate,4 719 MAD,8 102 MAD
Region de l'orientale,Gafait,4 719 MAD,8 015 MAD
Region de l'orientale,Oulad Ghziyel,4 719 MAD,8 102 MAD
Region de l'orientale,Ras Asfour,4 719 MAD,8 015 MAD
Region de l'orientale,Tiouli,4 719 MAD,7 065 MAD
Region de l'orientale,Hassi Berkane,4 719 MAD,8 015 MAD
Region de l'orientale,Mestferki,4 719 MAD,8 060 MAD
Region de l'orientale,Mestegmer,4 719 MAD,8 015 MAD
Region de l'orientale,Sidi Ali Bel Quassem,4 719 MAD,8 015 MAD
Region de l'orientale,Sidi Lahsen,4 719 MAD,8 015 MAD
Region de l'orientale,Sidi Boulenouar,4 717 MAD,7 685 MAD
Region de l'orientale,Ben Taieb,4 716 MAD,7 082 MAD
Region de l'orientale,Oulad M'hammed,4 714 MAD,6 897 MAD
Region de l'orientale,Ain Sfa,4 661 MAD,8 015 MAD
Region de l'orientale,Lamrija,4 661 MAD,7 985 MAD
Region de l'orientale,Guenfouda,4 661 MAD,7 985 MAD
Region de l'orientale,Mechraa Hammadi,4 661 MAD,8 073 MAD
Region de l'orientale,Mazguitam,4 657 MAD,7 972 MAD
Region de l'orientale,Ahl Oued Za,4 657 MAD,8 073 MAD
Region de l'orientale,Iaazzanene,4 591 MAD,7 234 MAD
Region de l'orientale,Iksane,4 591 MAD,7 321 MAD
Region de l'orientale,Boughriba,4 589 MAD,7 393 MAD
Region de l'orientale,Ihaddadene,4 587 MAD,7 204 MAD
Region de l'orientale,Taddart,4 582 MAD,8 015 MAD
Region de l'orientale,Aghbal,4 568 MAD,7 234 MAD
Region de l'orientale,Mrija,4 470 MAD,7 788 MAD
Region de l'orientale,Figuig,4 455 MAD,7 234 MAD
Region de l'orientale,Bouarfa,4 452 MAD,6 996 MAD
Region de l'orientale,Naima,4 414 MAD,7 007 MAD
Region de l'orientale,Oulad Daoud Zkhanine,4 410 MAD,7 318 MAD
Region de l'orientale,El Atef,4 410 MAD,7 985 MAD
Region de l'orientale,Afsou,4 409 MAD,7 788 MAD
Region de l'orientale,Iferni,4 375 MAD,7 788 MAD
Region de l'orientale,Tiztoutine,4 366 MAD,7 292 MAD
Region de l'orientale,Aklim,4 336 MAD,6 977 MAD
Region de l'orientale,Sidi Bouhria,4 336 MAD,7 166 MAD
Region de l'orientale,Chouihia,4 318 MAD,7 234 MAD
Region de l'orientale,Dar El Kebdani,4 318 MAD,6 889 MAD
Region de l'orientale,Tafersit,4 318 MAD,7 065 MAD
Region de l'orientale,Temsamane,4 318 MAD,7 512 MAD
Region de l'orientale,Boudinar,4 318 MAD,7 348 MAD
Region de l'orientale,Amejjaou,4 318 MAD,7 234 MAD
Region de l'orientale,Ijermaouas,4 318 MAD,7 898 MAD
Region de l'orientale,Trougout,4 318 MAD,7 692 MAD
Region de l'orientale,Bni Oukil Oulad M'Hand,4 318 MAD,8 015 MAD
Region de l'orientale,Ain Zohra,4 317 MAD,7 121 MAD
Region de l'orientale,Debdou,4 314 MAD,6 457 MAD
Region de l'orientale,Bni Marghnine,4 314 MAD,7 234 MAD
Region de l'orientale,Oulad Amghar,4 314 MAD,7 427 MAD
Region de l'orientale,Touissit,4 314 MAD,7 674 MAD
Region de l'orientale,Bni Sidel Louta,4 310 MAD,8 053 MAD
Region de l'orientale,Midar,4 310 MAD,7 065 MAD
Region de l'orientale,Sidi Moussa Lemhaya,4 307 MAD,8 060 MAD
Region de l'orientale,Arekmane,4 283 MAD,7 065 MAD
Region de l'orientale,Bni Bouifrour,4 283 MAD,7 234 MAD
Region de l'orientale,Fezouane,4 282 MAD,7 318 MAD
Region de l'orientale,Oulad Settout,4 282 MAD,7 871 MAD
Region de l'orientale,Laatamna,4 279 MAD,6 010 MAD
Region de l'orientale,Ouardana,4 278 MAD,7 054 MAD
Region de l'orientale,Tazaghine,4 278 MAD,7 136 MAD
Region de l'orientale,Isly,4 273 MAD,7 901 MAD
Region de l'orientale,Melg El Ouidane,4 268 MAD,7 959 MAD
Region de l'orientale,Oulad Boubker,4 238 MAD,8 102 MAD
Region de l'orientale,Driouch,4 160 MAD,6 889 MAD
Region de l'orientale,Zeghanghane,4 160 MAD,7 065 MAD
Region de l'orientale,Al Aaroui,4 160 MAD,4 806 MAD
Region de l'orientale,Sidi Boubker,4 105 MAD,6 514 MAD
Region de l'orientale,Bni Ansar,4 104 MAD,7 680 MAD
Region de l'orientale,Taourirt,4 101 MAD,7 054 MAD
Region de l'orientale,Zaio,4 062 MAD,7 065 MAD
Region de l'orientale,Bni Chiker,4 010 MAD,7 204 MAD
Region de l'orientale,Al Barkanyene,4 010 MAD,7 510 MAD
Region de l'orientale,Madagh,4 009 MAD,7 234 MAD
Region de l'orientale,Talilit,4 009 MAD,7 321 MAD
Region de l'orientale,Ait Mait,4 009 MAD,7 318 MAD
Region de l'orientale,Tsaft,4 009 MAD,7 065 MAD
Region de l'orientale,Mtalssa,4 009 MAD,7 318 MAD
Region de l'orientale,M'Hajer,4 009 MAD,8 112 MAD
Region de l'orientale,Bni Sidel Jbel,4 009 MAD,7 406 MAD
Region de l'orientale,Bni Khaled,4 009 MAD,7 985 MAD
Region de l'orientale,El Aioun Sidi Mellouk,4 009 MAD,7 292 MAD
Region de l'orientale,Bni Drar,4 007 MAD,7 379 MAD
Region de l'orientale,Azlaf,4 006 MAD,7 451 MAD
Region de l'orientale,Sidi Slimane Echcharraa,4 006 MAD,7 451 MAD
Region de l'orientale,Ain Bni Mathar,4 005 MAD,7 292 MAD
Region de l'orientale,Ain Erreggada,4 005 MAD,5 577 MAD
Region de l'orientale,Ahfir,4 002 MAD,5 547 MAD
Region de l'orientale,Jerada,4 002 MAD,7 007 MAD
Fès-Meknès,Ifrane,7 757 MAD,9 400 MAD
Fès-Meknès,Kandar Sidi Khiar,6 369 MAD,5 781 MAD
Fès-Meknès,Meknès,6 357 MAD,5 933 MAD
Fès-Meknès,Agdal,6 265 MAD,6 386 MAD
Fès-Meknès,M'haya,5 391 MAD,7 065 MAD
Fès-Meknès,Ait Ouallal,5 384 MAD,5 774 MAD
Fès-Meknès,Saiss,5 372 MAD,6 751 MAD
Fès-Meknès,Galdamane,5 286 MAD,4 849 MAD
Fès-Meknès,Toulal,5 205 MAD,7 706 MAD
Fès-Meknès,Meknassa Acharqia,5 149 MAD,7 912 MAD
Fès-Meknès,Ait Sebaa Lajrouf,5 138 MAD,8 060 MAD
Fès-Meknès,Ksabi Moulouya,5 105 MAD,8 015 MAD
Fès-Meknès,Ouizeght,5 105 MAD,8 015 MAD
Fès-Meknès,Tissaf,5 105 MAD,8 015 MAD
Fès-Meknès,Guigou,5 105 MAD,6 585 MAD
Fès-Meknès,Fritissa,5 105 MAD,8 015 MAD
Fès-Meknès,El Orjane,5 105 MAD,8 060 MAD
Fès-Meknès,Ouislane,5 093 MAD,7 453 MAD
Fès-Meknès,Ain Leuh,5 027 MAD,
Fès-Meknès,Sidi El Makhfi,4 970 MAD,6 214 MAD
Fès-Meknès,Tafajight,4 970 MAD,6 528 MAD
Fès-Meknès,Maghraoua,4 970 MAD,8 102 MAD
Fès-Meknès,Bouyablane,4 970 MAD,8 015 MAD
Fès-Meknès,Oulad Tayeb,4 937 MAD,
Fès-Meknès,Serghina,4 911 MAD,6 328 MAD
Fès-Meknès,Ait Bazza,4 854 MAD,6 716 MAD
Fès-Meknès,Talzemt,4 854 MAD,6 642 MAD
Fès-Meknès,Almis Marmoucha,4 854 MAD,7 901 MAD
Fès-Meknès,Ait El Mane,4 854 MAD,6 642 MAD
Fès-Meknès,Ermila,4 796 MAD,7 076 MAD
Fès-Meknès,Sidi Boutayeb,6 555 MAD,
Fès-Meknès,Skoura M'Daz,4 796 MAD,6 904 MAD
Fès-Meknès,Enjil,4 795 MAD,8 015 MAD
Fès-Meknès,Azrou,4 754 MAD,5 715 MAD
Fès-Meknès,Ighzrane,4 719 MAD,6 555 MAD
Fès-Meknès,Adrej,4 719 MAD,6 642 MAD
Fès-Meknès,Jbarna,4 719 MAD,7 348 MAD
Fès-Meknès,Tazarine,4 719 MAD,7 380 MAD
Fès-Meknès,Tamchachate,4 661 MAD,7 318 MAD
Fès-Meknès,Timahdite,4 661 MAD,6 214 MAD
Fès-Meknès,Dayat Aoua,4 645 MAD,7 833 MAD
Fès-Meknès,Kaf El Ghar,4 645 MAD,7 788 MAD
Fès-Meknès,Louadaine,4 645 MAD,7 121 MAD
Fès-Meknès,Oulad Ali Youssef,4 621 MAD,8 102 MAD
Fès-Meknès,Dar Oum Soltane,4 591 MAD,7 901 MAD
Fès-Meknès,Ain Jemaa,4 591 MAD,7 901 MAD
Fès-Meknès,Ain Karma- Oued Rommane,4 591 MAD,6 471 MAD
Fès-Meknès,Sidi Abdallah Al Khayat,4 591 MAD,7 901 MAD
Fès-Meknès,Majjate,4 591 MAD,6 441 MAD
Fès-Meknès,Charqaoua,4 591 MAD,7 901 MAD
Fès-Meknès,Iqaddar,4 591 MAD,6 218 MAD
Fès-Meknès,Ait Boubidmane,4 591 MAD,7 959 MAD
Fès-Meknès,Ahl Sidi Lahcen,4 591 MAD,6 642 MAD
Fès-Meknès,Sidi YoussefBen Ahmed,4 591 MAD,8 060 MAD
Fès-Meknès,Aghbalou Aqorar,4 591 MAD,8 015 MAD
Fès-Meknès,Mtarnagha,4 591 MAD,6 642 MAD
Fès-Meknès,Galaz,4 591 MAD,8 102 MAD
Fès-Meknès,Sidi Haj M'hamed,4 591 MAD,8 015 MAD
Fès-Meknès,Bouchabel,4 591 MAD,8 015 MAD
Fès-Meknès,Fennassa Bab El Hit,4 591 MAD,8 102 MAD
Fès-Meknès,Jbabra,4 591 MAD,8 015 MAD
Fès-Meknès,Kissane,4 591 MAD,8 015 MAD
Fès-Meknès,Outabouabane,4 591 MAD,7 348 MAD
Fès-Meknès,Tabouda,4 591 MAD,8 015 MAD
Fès-Meknès,Loulja,4 591 MAD,8 015 MAD
Fès-Meknès,El Bibane,4 591 MAD,7 901 MAD
Fès-Meknès,Rghioua,4 591 MAD,7 150 MAD
Fès-Meknès,Rhouazi,4 591 MAD,7 348 MAD
Fès-Meknès,Oulad Daoud,4 591 MAD,7 912 MAD
Fès-Meknès,Ratba,4 591 MAD,8 015 MAD
Fès-Meknès,Oudka,4 591 MAD,8 102 MAD
Fès-Meknès,Bni Ounjel Tafraout,4 591 MAD,8 015 MAD
Fès-Meknès,Bni Snous,4 591 MAD,7 540 MAD
Fès-Meknès,Bouarouss,4 591 MAD,8 015 MAD
Fès-Meknès,Messassa,4 591 MAD,8 015 MAD
Fès-Meknès,Mezraoua,4 591 MAD,8 129 MAD
Fès-Meknès,Oulad Ayyad,4 591 MAD,7 234 MAD
Fès-Meknès,Bab Marzouka,4 591 MAD,8 015 MAD
Fès-Meknès,Bni Frassen,4 591 MAD,8 015 MAD
Fès-Meknès,Bni Lent,4 591 MAD,8 088 MAD
Fès-Meknès,Bouchfaa,4 591 MAD,7 887 MAD
Fès-Meknès,Tainaste,4 591 MAD,8 015 MAD
Fès-Meknès,Bouhlou,4 591 MAD,7 234 MAD
Fès-Meknès,Traiba,4 591 MAD,8 015 MAD
Fès-Meknès,Oulad Chrif,4 591 MAD,7 348 MAD
Fès-Meknès,Rbaa El Fouki,4 591 MAD,7 348 MAD
Fès-Meknès,Bab Boudir,4 591 MAD,8 015 MAD
Fès-Meknès,Ghiata Al Gharbia,4 591 MAD,8 015 MAD
Fès-Meknès,Brarha,4 591 MAD,8 015 MAD
Fès-Meknès,Msila,4 591 MAD,8 015 MAD
Fès-Meknès,Zrarda,4 591 MAD,6 599 MAD
Fès-Meknès,Ain Kansra,4 591 MAD,8 053 MAD
Fès-Meknès,Mikkes,4 591 MAD,7 901 MAD
Fès-Meknès,Oulad Mimoun,4 591 MAD,7 386 MAD
Fès-Meknès,Ras Ijerri,4 587 MAD,7 380 MAD
Fès-Meknès,Sebaa Rouadi,4 587 MAD,7 901 MAD
Fès-Meknès,Sidi Slimane Moul Al Kifane,4 587 MAD,7 901 MAD
Fès-Meknès,Ain Timguenai,4 587 MAD,7 234 MAD
Fès-Meknès,Oued Jemaa,4 587 MAD,7 121 MAD
Fès-Meknès,El Bsabsa,4 587 MAD,7 121 MAD
Fès-Meknès,Jahjouh,4 581 MAD,7 348 MAD
Fès-Meknès,Dar El Hamra,4 581 MAD,6 642 MAD
Fès-Meknès,Laanoussar,4 581 MAD,8 015 MAD
Fès-Meknès,Gzenaya Al Janoubia,4 581 MAD,8 015 MAD
Fès-Meknès,Ait Bourzouine,4 580 MAD,7 901 MAD
Fès-Meknès,MRhassiyine,4 568 MAD,6 471 MAD
Fès-Meknès,Zrizer,4 567 MAD,7 901 MAD
Fès-Meknès,Bni Oulid,4 565 MAD,8 102 MAD
Fès-Meknès,Khlalfa,4 565 MAD,8 102 MAD
Fès-Meknès,Missour,4 551 MAD,7 007 MAD
Fès-Meknès,Imouzzer Marmoucha,4 451 MAD,7 901 MAD
Fès-Meknès,Méchouar Fès Jdid,4 439 MAD,6 030 MAD
Fès-Meknès,Zouagha,4 428 MAD,6 122 MAD
Fès-Meknès,Aknoul,4 414 MAD,7 116 MAD
Fès-Meknès,Tizi Ouasli,4 410 MAD,7 680 MAD
Fès-Meknès,El Hajeb,4 409 MAD,7 007 MAD
Fès-Meknès,Oued Amlil,4 407 MAD,6 889 MAD
Fès-Meknès,Sefrou,4 385 MAD,7 007 MAD
Fès-Meknès,Oued Jdida,4 336 MAD,7 674 MAD
Fès-Meknès,Boufakrane,4 332 MAD,7 007 MAD
Fès-Meknès,Tamedit,4 319 MAD,8 102 MAD
Fès-Meknès,Bni Ftah,4 319 MAD,7 348 MAD
Fès-Meknès,Ain Orma,4 318 MAD,7 049 MAD
Fès-Meknès,Sidi Harazem,4 318 MAD,7 988 MAD
Fès-Meknès,Azzaba,4 318 MAD,6 555 MAD
Fès-Meknès,Oulad Mkoudou,4 318 MAD,6 528 MAD
Fès-Meknès,Sidi YahyaBni Zeroual,4 318 MAD,7 901 MAD
Fès-Meknès,Matmata,4 318 MAD,6 754 MAD
Fès-Meknès,Sidi Ali Bourakba,4 318 MAD,7 348 MAD
Fès-Meknès,Ait Saghrouchen,4 318 MAD,8 015 MAD
Fès-Meknès,Moulay Yacoub,4 318 MAD,6 904 MAD
Fès-Meknès,Sabaa Aiyoun,4 315 MAD,7 887 MAD
Fès-Meknès,Bhalil,4 314 MAD,6 904 MAD
Fès-Meknès,Tissa,4 314 MAD,7 674 MAD
Fès-Meknès,Ghafsai,4 310 MAD,6 977 MAD
Fès-Meknès,Tigrigra,4 304 MAD,6 272 MAD
Fès-Meknès,Oualili,4 283 MAD,7 901 MAD
Fès-Meknès,Tizguite,4 283 MAD,7 901 MAD
Fès-Meknès,Ain Aicha,4 282 MAD,7 674 MAD
Fès-Meknès,Smià,4 282 MAD,6 585 MAD
Fès-Meknès,Dkhissa,4 282 MAD,7 901 MAD
Fès-Meknès,N'zalat Bni Amar,4 282 MAD,5 862 MAD
Fès-Meknès,Ait Yaazem,4 282 MAD,7 007 MAD
Fès-Meknès,Bitit,4 282 MAD,7 871 MAD
Fès-Meknès,Ait Harz Allah,4 282 MAD,7 871 MAD
Fès-Meknès,Ait Naamane,4 282 MAD,6 555 MAD
Fès-Meknès,Ain Cheggag,4 282 MAD,7 962 MAD
Fès-Meknès,Mkansa,4 282 MAD,7 348 MAD
Fès-Meknès,Ras El Oued,4 282 MAD,7 318 MAD
Fès-Meknès,Sidi M'HamedBen Lahcen,4 282 MAD,7 985 MAD
Fès-Meknès,Sidi Mokhfi,4 282 MAD,7 985 MAD
Fès-Meknès,Ouartzagh,4 282 MAD,8 015 MAD
Fès-Meknès,Timezgana,4 282 MAD,8 015 MAD
Fès-Meknès,Sidi El Abed,4 282 MAD,7 985 MAD
Fès-Meknès,Bouhouda,4 282 MAD,8 015 MAD
Fès-Meknès,Ain Legdah,4 282 MAD,7 985 MAD
Fès-Meknès,Ain Maatouf,4 282 MAD,8 015 MAD
Fès-Meknès,Tafrant,4 282 MAD,8 015 MAD
Fès-Meknès,Taifa,4 282 MAD,7 985 MAD
Fès-Meknès,Oulad Zbair,4 282 MAD,7 622 MAD
Fès-Meknès,Sidi Daoud,4 282 MAD,7 959 MAD
Fès-Meknès,Laajajra,4 282 MAD,8 015 MAD
Fès-Meknès,Ain Bou Ali,4 282 MAD,7 318 MAD
Fès-Meknès,Ain Chkef,4 282 MAD,7 421 MAD
Fès-Meknès,Sebt Loudaya,4 282 MAD,7 318 MAD
Fès-Meknès,Fès-Médina,4 276 MAD,5 742 MAD
Fès-Meknès,Ben Smim,4 273 MAD,6 441 MAD
Fès-Meknès,Tazouta,4 273 MAD,6 526 MAD
Fès-Meknès,Ait Ouikhalfen,4 272 MAD,6 526 MAD
Fès-Meknès,El Gouzate,4 259 MAD,7 985 MAD
Fès-Meknès,Agourai,4 259 MAD,7 901 MAD
Fès-Meknès,Ain Bida,4 255 MAD,7 630 MAD
Fès-Meknès,Ain Taoujdate,4 161 MAD,7 082 MAD
Fès-Meknès,Taza,4 160 MAD,7 453 MAD
Fès-Meknès,Outat El Haj,4 149 MAD,7 234 MAD
Fès-Meknès,Boulemane,4 149 MAD,6 441 MAD
Fès-Meknès,Karia Ba Mohamed,4 101 MAD,7 312 MAD
Fès-Meknès,El Mariniyine,4 089 MAD,8 120 MAD
Fès-Meknès,Ribate El Kheir,4 066 MAD,7 007 MAD
Fès-Meknès,Tahla,4 066 MAD,7 065 MAD
Fès-Meknès,Moulay Driss Zerhoun,4 062 MAD,6 302 MAD
Fès-Meknès,Imouzzer Kandar,4 060 MAD,7 674 MAD
Fès-Meknès,Taounate,4 060 MAD,7 007 MAD
Fès-Meknès,Moulay Bouchta,4 010 MAD,8 015 MAD
Fès-Meknès,Meknassa Al Gharbia,4 010 MAD,7 985 MAD
Fès-Meknès,Moulay Abdelkrim,4 009 MAD,7 348 MAD
Fès-Meknès,Ajdir,4 009 MAD,
Fès-Meknès,Ain Mediouna,4 009 MAD,7 901 MAD
Fès-Meknès,Bouadel,4 009 MAD,7 871 MAD
Fès-Meknès,Bourd,4 009 MAD,7 348 MAD
Fès-Meknès,El Menzel,4 008 MAD,7 901 MAD
Fès-Meknès,Al Machouar - Stinia,4 006 MAD,6 441 MAD
Fès-Meknès,Thar Es-souk,4 006 MAD,7 858 MAD
Fès-Meknès,Ras Tabouda,4 005 MAD,6 791 MAD
Fès-Meknès,Bir Tam Tam,4 005 MAD,6 317 MAD
Fès-Meknès,Jnan El Ouard,3 980 MAD,8 406 MAD
Fès-Meknès,Laqsir,3 595 MAD,7 972 MAD
Rabat-Salé-Kénitra,Souissi,18 280 MAD,7 762 MAD
Rabat-Salé-Kénitra,Agdal Riyad,17 310 MAD,12 510 MAD
Rabat-Salé-Kénitra,Sidi Bouknadel,15 590 MAD,7 949 MAD
Rabat-Salé-Kénitra,El Menzeh,14 660 MAD,7 393 MAD
Rabat-Salé-Kénitra,Harhoura,13 040 MAD,13 540 MAD
Rabat-Salé-Kénitra,El Youssoufia,12 680 MAD,10 640 MAD
Rabat-Salé-Kénitra,Hassan,11 240 MAD,12 640 MAD
Rabat-Salé-Kénitra,Yacoub El Mansour,10 630 MAD,12 770 MAD
Rabat-Salé-Kénitra,Témara,9 438 MAD,11 870 MAD
Rabat-Salé-Kénitra,Tabriquet,8 407 MAD,10 490 MAD
Rabat-Salé-Kénitra,Bettana,8 195 MAD,12 430 MAD
Rabat-Salé-Kénitra,Hssaine,8 100 MAD,11 360 MAD
Rabat-Salé-Kénitra,Bab Lamrissa,7 687 MAD,12 020 MAD
Rabat-Salé-Kénitra,Skhirate,7 348 MAD,11 867 MAD
Rabat-Salé-Kénitra,Ain Attig,7 347 MAD,10 690 MAD
Rabat-Salé-Kénitra,Shoul,6 975 MAD,8 053 MAD
Rabat-Salé-Kénitra,Kénitra,6 715 MAD,8 278 MAD
Rabat-Salé-Kénitra,Layayda,6 252 MAD,11 080 MAD
Rabat-Salé-Kénitra,Brachoua,5 810 MAD,8 001 MAD
Rabat-Salé-Kénitra,Souk Tlet El Gharb,5 527 MAD,7 348 MAD
Rabat-Salé-Kénitra,Khémisset,5 526 MAD,5 139 MAD
Rabat-Salé-Kénitra,Ain El Aouda,5 330 MAD,7 895 MAD
Rabat-Salé-Kénitra,Mehdya,5 185 MAD,8 362 MAD
Rabat-Salé-Kénitra,Sidi Allal El Bahraoui,4 993 MAD,8 760 MAD
Rabat-Salé-Kénitra,Ait Ikkou,4 950 MAD,6 555 MAD
Rabat-Salé-Kénitra,Oulmes,4 661 MAD,5 634 MAD
Rabat-Salé-Kénitra,Tiddas,4 661 MAD,7 380 MAD
Rabat-Salé-Kénitra,Bouqachmir,4 661 MAD,6 526 MAD
Rabat-Salé-Kénitra,Bir Taleb,4 645 MAD,7 121 MAD
Rabat-Salé-Kénitra,Kariat Ben Aouda,4 591 MAD,8 015 MAD
Rabat-Salé-Kénitra,Arbaoua,4 591 MAD,7 007 MAD
Rabat-Salé-Kénitra,Ameur Seflia,4 591 MAD,7 234 MAD
Rabat-Salé-Kénitra,Sidi Boubker El Haj,4 591 MAD,7 234 MAD
Rabat-Salé-Kénitra,Bahhara Ouled Ayad,4 591 MAD,7 234 MAD
Rabat-Salé-Kénitra,Oued El Makhazine,4 591 MAD,7 901 MAD
Rabat-Salé-Kénitra,Ouled Slama,4 591 MAD,7 393 MAD
Rabat-Salé-Kénitra,Ait Yadine,4 591 MAD,7 508 MAD
Rabat-Salé-Kénitra,Sfassif,4 591 MAD,7 018 MAD
Rabat-Salé-Kénitra,Khemis Sidi Yahya,4 591 MAD,6 239 MAD
Rabat-Salé-Kénitra,Ameur,4 591 MAD,7 901 MAD
Rabat-Salé-Kénitra,Bab Tiouka,4 591 MAD,7 234 MAD
Rabat-Salé-Kénitra,Selfat,4 591 MAD,7 234 MAD
Rabat-Salé-Kénitra,Nouirate,4 591 MAD,7 234 MAD
Rabat-Salé-Kénitra,Ain Dfali,4 591 MAD,7 348 MAD
Rabat-Salé-Kénitra,Sidi Al Kamel,4 591 MAD,7 234 MAD
Rabat-Salé-Kénitra,Lamrabih,4 591 MAD,7 348 MAD
Rabat-Salé-Kénitra,Oulad Nouel,4 591 MAD,7 234 MAD
Rabat-Salé-Kénitra,Sidi Ameur Al Hadi,4 591 MAD,8 015 MAD
Rabat-Salé-Kénitra,Al Haouafate,4 591 MAD,7 234 MAD
Rabat-Salé-Kénitra,Chbanate,4 591 MAD,7 234 MAD
Rabat-Salé-Kénitra,Azghar,4 591 MAD,7 348 MAD
Rabat-Salé-Kénitra,Kceibya,4 591 MAD,7 234 MAD
Rabat-Salé-Kénitra,Sfafaa,4 591 MAD,7 234 MAD
Rabat-Salé-Kénitra,Mers El Kheir,4 591 MAD,7 901 MAD
Rabat-Salé-Kénitra,Sidi Yahya Zaer,4 591 MAD,7 315 MAD
Rabat-Salé-Kénitra,Oumazza,4 591 MAD,7 901 MAD
Rabat-Salé-Kénitra,Moulay Bousselham,4 591 MAD,7 007 MAD
Rabat-Salé-Kénitra,Ouled H'Cine,4 591 MAD,7 234 MAD
Rabat-Salé-Kénitra,Haddada,4 589 MAD,7 887 MAD
Rabat-Salé-Kénitra,Mnasra,4 587 MAD,7 234 MAD
Rabat-Salé-Kénitra,Ben Mansour,4 587 MAD,7 007 MAD
Rabat-Salé-Kénitra,Jemaat Moul Blad,4 581 MAD,8 102 MAD
Rabat-Salé-Kénitra,Maaziz,4 581 MAD,6 184 MAD
Rabat-Salé-Kénitra,Zirara,4 568 MAD,7 674 MAD
Rabat-Salé-Kénitra,El Ganzra,4 565 MAD,7 540 MAD
Rabat-Salé-Kénitra,Ait Buyahya El Hajjama,4 565 MAD,6 904 MAD
Rabat-Salé-Kénitra,M'qam Tolba,4 565 MAD,8 060 MAD
Rabat-Salé-Kénitra,Khnichet,4 565 MAD,7 660 MAD
Rabat-Salé-Kénitra,Sefsaf,4 565 MAD,7 234 MAD
Rabat-Salé-Kénitra,Ouled Ben Hammadi,4 565 MAD,7 234 MAD
Rabat-Salé-Kénitra,M'saada,4 561 MAD,6 996 MAD
Rabat-Salé-Kénitra,Mograne,4 461 MAD,7 234 MAD
Rabat-Salé-Kénitra,Touarga,4 414 MAD,6 221 MAD
Rabat-Salé-Kénitra,Ait Ichou,4 410 MAD,7 985 MAD
Rabat-Salé-Kénitra,Tiflet,4 375 MAD,7 280 MAD
Rabat-Salé-Kénitra,Mechraa Bel Ksiri,4 369 MAD,7 007 MAD
Rabat-Salé-Kénitra,Ait Ouribel,4 319 MAD,8 147 MAD
Rabat-Salé-Kénitra,Marchouch,4 319 MAD,8 015 MAD
Rabat-Salé-Kénitra,Sidi Allal Lamsadder,4 318 MAD,6 441 MAD
Rabat-Salé-Kénitra,Sidi El Ghandour,4 318 MAD,6 471 MAD
Rabat-Salé-Kénitra,Houderrane,4 318 MAD,6 680 MAD
Rabat-Salé-Kénitra,Dar Laaslouji,4 318 MAD,7 234 MAD
Rabat-Salé-Kénitra,Moulay Abdelkader,4 318 MAD,7 348 MAD
Rabat-Salé-Kénitra,Sidi Azzouz,4 318 MAD,7 348 MAD
Rabat-Salé-Kénitra,Dar Bel Amri,4 318 MAD,7 386 MAD
Rabat-Salé-Kénitra,Boumaiz,4 318 MAD,6 913 MAD
Rabat-Salé-Kénitra,Sidi Allal Tazi,4 313 MAD,6 977 MAD
Rabat-Salé-Kénitra,Had Kourt,4 311 MAD,7 234 MAD
Rabat-Salé-Kénitra,Jorf El Melha,4 303 MAD,6 977 MAD
Rabat-Salé-Kénitra,Lalla Mimouna,4 282 MAD,7 732 MAD
Rabat-Salé-Kénitra,Beni Malek,4 282 MAD,7 204 MAD
Rabat-Salé-Kénitra,Sidi Mohamed Lahmar,4 282 MAD,7 234 MAD
Rabat-Salé-Kénitra,Ait Siberne,4 282 MAD,6 600 MAD
Rabat-Salé-Kénitra,Sidi Abderrazak,4 282 MAD,7 901 MAD
Rabat-Salé-Kénitra,Majmaa Tolba,4 282 MAD,7 901 MAD
Rabat-Salé-Kénitra,Ain Johra -Sidi Boukhalkhal,4 282 MAD,8 024 MAD
Rabat-Salé-Kénitra,Ait Belkacem,4 282 MAD,6 033 MAD
Rabat-Salé-Kénitra,Ait Malek,4 282 MAD,8 015 MAD
Rabat-Salé-Kénitra,Moulay Driss Aghbal,4 282 MAD,7 985 MAD
Rabat-Salé-Kénitra,Bni Oual,4 282 MAD,7 406 MAD
Rabat-Salé-Kénitra,Sidi M'Hamed Chelh,4 282 MAD,7 451 MAD
Rabat-Salé-Kénitra,Taoughilt,4 282 MAD,7 234 MAD
Rabat-Salé-Kénitra,Zaggota,4 282 MAD,7 234 MAD
Rabat-Salé-Kénitra,Rmilat,4 282 MAD,7 292 MAD
Rabat-Salé-Kénitra,Ameur Chamalia,4 282 MAD,7 292 MAD
Rabat-Salé-Kénitra,Sidi Mohamed Ben Mansour,4 280 MAD,7 204 MAD
Rabat-Salé-Kénitra,Tekna,4 279 MAD,7 328 MAD
Rabat-Salé-Kénitra,Chouafaa,4 278 MAD,7 169 MAD
Rabat-Salé-Kénitra,Laghoualem,4 273 MAD,7 985 MAD
Rabat-Salé-Kénitra,Ezzhiliga,4 273 MAD,7 194 MAD
Rabat-Salé-Kénitra,Ait Mimoune,4 273 MAD,6 614 MAD
Rabat-Salé-Kénitra,Ait Ali ou Lahcen,4 272 MAD,7 871 MAD
Rabat-Salé-Kénitra,Sidi Taibi,4 256 MAD,7 292 MAD
Rabat-Salé-Kénitra,Sidi Kacem,4 101 MAD,6 976 MAD
Rabat-Salé-Kénitra,Souk El Arbaa,4 062 MAD,7 674 MAD
Rabat-Salé-Kénitra,Sabbah,4 009 MAD,7 901 MAD
Rabat-Salé-Kénitra,Ain Sbit,4 009 MAD,8 073 MAD
Rabat-Salé-Kénitra,Sidi Ahmed Benaissa,4 009 MAD,8 073 MAD
Rabat-Salé-Kénitra,Dar Gueddari,4 003 MAD,7 204 MAD
Rabat-Salé-Kénitra,Rommani,4 002 MAD,7 674 MAD
Rabat-Salé-Kénitra,Sidi Slimane,4 002 MAD,7 718 MAD
Rabat-Salé-Kénitra,Sidi Yahya El Gharb,3 693 MAD,7 194 MAD
Casablanca-Settat,Anfa,16 990 MAD,18 760 MAD
Casablanca-Settat,Sidi Belyout,15 380 MAD,16 800 MAD
Casablanca-Settat,El Maarif,14 150 MAD,13 070 MAD
Casablanca-Settat,Soualem Trifiya,13 720 MAD,7 901 MAD
Casablanca-Settat,Mers-Sultan,13 010 MAD,16 210 MAD
Casablanca-Settat,Oulad Azzouz,12 970 MAD,
Casablanca-Settat,Dar Bouazza,12 870 MAD,10 090 MAD
Casablanca-Settat,Bouskoura,12 070 MAD,13 761 MAD
Casablanca-Settat,Aîn-Chock,11 790 MAD,13 610 MAD
Casablanca-Settat,Al-Fida,11 650 MAD,11 900 MAD
Casablanca-Settat,Hay-Hassani,11 440 MAD,17 080 MAD
Casablanca-Settat,Charrate,11 330 MAD,6 874 MAD
Casablanca-Settat,Lamharza Essahel,10 580 MAD,7 292 MAD
Casablanca-Settat,Assoukhour Assawda,10 090 MAD,6 023 MAD
Casablanca-Settat,Tit Mellil,9 538 MAD,7 640 MAD
Casablanca-Settat,Zaouiat Sidi Ben Hamdoun,9 484 MAD,8 088 MAD
Casablanca-Settat,El Mansouria,9 223 MAD,10 833 MAD
Casablanca-Settat,Bouznika,9 039 MAD,9 112 MAD
Casablanca-Settat,Mohammadia,8 932 MAD,10 460 MAD
Casablanca-Settat,Ain Harrouda,8 600 MAD,6 859 MAD
Casablanca-Settat,Aîn-Sebaâ,8 169 MAD,9 981 MAD
Casablanca-Settat,Sidi Rahal Chatai,7 844 MAD,4 066 MAD
Casablanca-Settat,Nouaceur,7 780 MAD,7 739 MAD
Casablanca-Settat,Oulad Salah,7 761 MAD,7 674 MAD
Casablanca-Settat,Sidi Othmane,7 303 MAD,7 976 MAD
Casablanca-Settat,Hay Mohammadi,7 301 MAD,13 840 MAD
Casablanca-Settat,Ben M'Sick,7 128 MAD,22 360 MAD
Casablanca-Settat,Moulay Rachid,7 064 MAD,13 910 MAD
Casablanca-Settat,Sidi Bernoussi,6 995 MAD,9 205 MAD
Casablanca-Settat,Mogress,6 851 MAD,7 493 MAD
Casablanca-Settat,Sbata,6 781 MAD,17 910 MAD
Casablanca-Settat,Sidi Moumen,6 765 MAD,10 630 MAD
Casablanca-Settat,El Jadida,6 582 MAD,5 842 MAD
Casablanca-Settat,Haouzia,6 503 MAD,7 901 MAD
Casablanca-Settat,Sidi Hajjaj Oued Hassar,6 244 MAD,7 901 MAD
Casablanca-Settat,Al Majjatia Oulad Taleb,5 917 MAD,7 901 MAD
Casablanca-Settat,Ain Tizgha,5 914 MAD,7 674 MAD
Casablanca-Settat,Lbir Jdid,5 867 MAD,1 073 MAD
Casablanca-Settat,Benslimane,5 688 MAD,5 416 MAD
Casablanca-Settat,Berrechid,5 565 MAD,9 415 MAD
Casablanca-Settat,Deroua,5 443 MAD,8 716 MAD
Casablanca-Settat,Ech-challalate,5 430 MAD,7 901 MAD
Casablanca-Settat,Had Soualem,4 987 MAD,10 248 MAD
Casablanca-Settat,Bir Ennasr,4 969 MAD,8 102 MAD
Casablanca-Settat,Settat,4 948 MAD,7 201 MAD
Casablanca-Settat,Azemmour,4 934 MAD,6 032 MAD
Casablanca-Settat,Oulad Ali Toualaa,4 591 MAD,8 015 MAD
Casablanca-Settat,Sidi Bettache,4 591 MAD,8 015 MAD
Casablanca-Settat,Ziaida,4 591 MAD,7 018 MAD
Casablanca-Settat,Rdadna Oulad Malek,4 591 MAD,6 441 MAD
Casablanca-Settat,Foqra Oulad Aameur,4 591 MAD,8 102 MAD
Casablanca-Settat,Jaqma,4 591 MAD,8 015 MAD
Casablanca-Settat,Ouled Zidane,4 591 MAD,8 015 MAD
Casablanca-Settat,Sidi Abdelkhaleq,4 591 MAD,7 348 MAD
Casablanca-Settat,Sahel Oulad H'Riz,4 591 MAD,7 901 MAD
Casablanca-Settat,Oulad Hamdane,4 591 MAD,8 015 MAD
Casablanca-Settat,Chaibate,4 591 MAD,6 713 MAD
Casablanca-Settat,Laghdira,4 591 MAD,7 321 MAD
Casablanca-Settat,My Abdellah,4 591 MAD,7 985 MAD
Casablanca-Settat,Si Hsaien Ben Abderrahmane,4 591 MAD,8 015 MAD
Casablanca-Settat,Sidi Smail,4 591 MAD,7 732 MAD
Casablanca-Settat,Sebt Saiss,4 591 MAD,7 901 MAD
Casablanca-Settat,Sidi Moussa Majdoub,4 591 MAD,7 901 MAD
Casablanca-Settat,M'Garto,4 591 MAD,8 015 MAD
Casablanca-Settat,Guisser,4 591 MAD,7 988 MAD
Casablanca-Settat,Mzoura,4 591 MAD,7 348 MAD
Casablanca-Settat,Sgamna,4 591 MAD,8 015 MAD
Casablanca-Settat,Ras El Ain Chaouia,4 591 MAD,7 663 MAD
Casablanca-Settat,Sidi El Aidi,4 591 MAD,8 015 MAD
Casablanca-Settat,Toualet,4 591 MAD,7 348 MAD
Casablanca-Settat,Machraa Ben Abbou,4 591 MAD,7 348 MAD
Casablanca-Settat,Oulad Bouali Nouaja,4 591 MAD,8 102 MAD
Casablanca-Settat,Oulad Freiha,4 591 MAD,8 015 MAD
Casablanca-Settat,Bouguargouh,4 591 MAD,8 015 MAD
Casablanca-Settat,Ain Blal,4 591 MAD,8 102 MAD
Casablanca-Settat,Khemisset Chaouia,4 591 MAD,6 396 MAD
Casablanca-Settat,Lakhzazra,4 591 MAD,8 015 MAD
Casablanca-Settat,Mrizigue,4 591 MAD,8 102 MAD
Casablanca-Settat,Oulad Chbana,4 591 MAD,7 988 MAD
Casablanca-Settat,Sidi Mohammed Ben Rahal,4 591 MAD,7 348 MAD
Casablanca-Settat,M'Tal,4 591 MAD,7 435 MAD
Casablanca-Settat,Loualidia,4 591 MAD,6 977 MAD
Casablanca-Settat,Laagagcha,4 591 MAD,8 015 MAD
Casablanca-Settat,Oulad Amer,4 587 MAD,7 321 MAD
Casablanca-Settat,Ouled Cebbah,4 587 MAD,7 919 MAD
Casablanca-Settat,Bni Yagrine,4 587 MAD,7 121 MAD
Casablanca-Settat,Oulad Fares El Halla,4 581 MAD,8 015 MAD
Casablanca-Settat,Sidi Boumehdi,4 565 MAD,7 943 MAD
Casablanca-Settat,Ben Maachou,4 337 MAD,7 660 MAD
Casablanca-Settat,Sidi Abdelkrim,4 336 MAD,7 788 MAD
Casablanca-Settat,Riah,4 318 MAD,8 015 MAD
Casablanca-Settat,Gdana,4 318 MAD,7 348 MAD
Casablanca-Settat,Laqraqra,4 318 MAD,8 088 MAD
Casablanca-Settat,El Borouj,4 315 MAD,7 901 MAD
Casablanca-Settat,Sidi El Mekki,4 314 MAD,7 674 MAD
Casablanca-Settat,Zemamra,4 310 MAD,6 977 MAD
Casablanca-Settat,Sidi Bennour,4 307 MAD,7 644 MAD
Casablanca-Settat,Mettouh,4 283 MAD,7 234 MAD
Casablanca-Settat,Mzamza Janoubia,4 283 MAD,8 015 MAD
Casablanca-Settat,N'Khila,4 283 MAD,8 140 MAD
Casablanca-Settat,Oulad Fares,4 283 MAD,8 102 MAD
Casablanca-Settat,Meskoura,4 283 MAD,8 102 MAD
Casablanca-Settat,Oulad Boussaken,4 283 MAD,7 348 MAD
Casablanca-Settat,Tamda,4 283 MAD,7 234 MAD
Casablanca-Settat,Oulad Ziyane,4 282 MAD,7 901 MAD
Casablanca-Settat,Oulad Said,4 282 MAD,7 674 MAD
Casablanca-Settat,Sidi Ahmed El Khadir,4 282 MAD,7 435 MAD
Casablanca-Settat,Ahlaf,4 282 MAD,7 985 MAD
Casablanca-Settat,Fdalate,4 282 MAD,7 901 MAD
Casablanca-Settat,Laghnimyine,4 282 MAD,7 406 MAD
Casablanca-Settat,Lahsasna,4 282 MAD,8 030 MAD
Casablanca-Settat,Lambarkiyine,4 282 MAD,8 015 MAD
Casablanca-Settat,Zaouiat Lakouacem,4 282 MAD,6 101 MAD
Casablanca-Settat,Oulad Aissa,4 282 MAD,
Casablanca-Settat,Boulaouane,4 282 MAD,5 862 MAD
Casablanca-Settat,Oulad Rahmoune,4 282 MAD,8 118 MAD
Casablanca-Settat,Oulad Sidi Ali Ben Youssef,4 282 MAD,7 363 MAD
Casablanca-Settat,Ouled Frej,4 282 MAD,8 073 MAD
Casablanca-Settat,Ouled Ghanem,4 282 MAD,7 234 MAD
Casablanca-Settat,Ouled Hcine,4 282 MAD,7 538 MAD
Casablanca-Settat,Sidi M'Hamed Akhdim,4 282 MAD,8 112 MAD
Casablanca-Settat,Sidi Abed,4 282 MAD,7 204 MAD
Casablanca-Settat,Zaouiat Saiss,4 282 MAD,7 204 MAD
Casablanca-Settat,Bni Yakhlef,4 282 MAD,6 456 MAD
Casablanca-Settat,Mniaa,4 282 MAD,8 072 MAD
Casablanca-Settat,Ain Dorbane-Lahlaf,4 282 MAD,8 030 MAD
Casablanca-Settat,Dar Chaffai,4 282 MAD,8 072 MAD
Casablanca-Settat,Oued Naanaa,4 282 MAD,7 971 MAD
Casablanca-Settat,Sidi Hajjaj,4 282 MAD,7 959 MAD
Casablanca-Settat,Sidi Dahbi,4 282 MAD,7 857 MAD
Casablanca-Settat,Lahouaza,4 282 MAD,7 348 MAD
Casablanca-Settat,Oulad Sghir,4 282 MAD,8 073 MAD
Casablanca-Settat,Oulad M'Hamed,4 282 MAD,8 073 MAD
Casablanca-Settat,Rima,4 282 MAD,8 112 MAD
Casablanca-Settat,Bouhmame,4 282 MAD,7 234 MAD
Casablanca-Settat,Laamria,4 282 MAD,6 408 MAD
Casablanca-Settat,Laaounate,4 282 MAD,7 493 MAD
Casablanca-Settat,Laatatra,4 282 MAD,7 204 MAD
Casablanca-Settat,Oulad Sbaita,4 282 MAD,7 901 MAD
Casablanca-Settat,Khmis Ksiba,4 282 MAD,7 435 MAD
Casablanca-Settat,Saniat Berguig,4 282 MAD,7 204 MAD
Casablanca-Settat,Bni Hilal,4 282 MAD,5 873 MAD
Casablanca-Settat,Jabria,4 282 MAD,7 321 MAD
Casablanca-Settat,Koudiat Bni Dghough,4 282 MAD,7 405 MAD
Casablanca-Settat,Kridid,4 282 MAD,7 204 MAD
Casablanca-Settat,Lmechrek,4 282 MAD,7 204 MAD
Casablanca-Settat,Metrane,4 282 MAD,7 493 MAD
Casablanca-Settat,Oulad Amrane,4 282 MAD,7 674 MAD
Casablanca-Settat,Oulad Si Bouhya,4 282 MAD,7 292 MAD
Casablanca-Settat,Chtouka,4 282 MAD,7 959 MAD
Casablanca-Settat,Laghnadra,4 282 MAD,7 871 MAD
Casablanca-Settat,Bni Tsiriss,4 280 MAD,7 405 MAD
Casablanca-Settat,Kasbat Ben Mchich,4 278 MAD,7 758 MAD
Casablanca-Settat,Sidi Ali Ben Hamdouche,4 278 MAD,7 674 MAD
Casablanca-Settat,Bni Khloug,4 278 MAD,7 252 MAD
Casablanca-Settat,Mellila,4 259 MAD,8 015 MAD
Casablanca-Settat,Oulad Yahya Louta,4 259 MAD,6 688 MAD
Casablanca-Settat,Lgharbia,4 256 MAD,7 985 MAD
Casablanca-Settat,Oulad Abbou,4 255 MAD,7 732 MAD
Casablanca-Settat,Ben Ahmed,4 105 MAD,7 901 MAD
Casablanca-Settat,El Gara,4 066 MAD,7 674 MAD
Casablanca-Settat,Loulad,4 066 MAD,7 674 MAD
Casablanca-Settat,Mediouna,4 065 MAD,7 640 MAD
Casablanca-Settat,Moualine El Oued,4 009 MAD,8 015 MAD
Casablanca-Settat,Sidi Moussa Ben Ali,4 009 MAD,7 901 MAD
Casablanca-Settat,Oulad M'Rah,4 005 MAD,7 663 MAD
Casablanca-Settat,Lahraouyine,3 949 MAD,7 479 MAD
Casablanca-Settat,Mechouar de Casablanca,3 849 MAD,7 413 MAD
Béni Mellal-Khénifra,Tanougha,6 606 MAD,9 006 MAD
Béni Mellal-Khénifra,Béni Mellal,5 805 MAD,5 709 MAD
Béni Mellal-Khénifra,Khouribga,5 114 MAD,7 007 MAD
Béni Mellal-Khénifra,Zaouiat Ahansal,4 970 MAD,8 015 MAD
Béni Mellal-Khénifra,Anergui,4 970 MAD,8 015 MAD
Béni Mellal-Khénifra,Tiffert N'Ait Hamza,4 970 MAD,8 015 MAD
Béni Mellal-Khénifra,Aghbala,4 970 MAD,6 214 MAD
Béni Mellal-Khénifra,Aguelmam Azegza,4 970 MAD,6 555 MAD
Béni Mellal-Khénifra,Sidi Amar,4 970 MAD,6 555 MAD
Béni Mellal-Khénifra,Maadna,4 770 MAD,10 167 MAD
Béni Mellal-Khénifra,Boutferda,4 661 MAD,7 985 MAD
Béni Mellal-Khénifra,Had Bouhssoussen,4 661 MAD,6 244 MAD
Béni Mellal-Khénifra,Sidi Hcine,4 661 MAD,6 989 MAD
Béni Mellal-Khénifra,El Hammam,4 661 MAD,6 526 MAD
Béni Mellal-Khénifra,Sebt Ait Rahou,4 661 MAD,7 351 MAD
Béni Mellal-Khénifra,Oulad Gouaouch,4 637 MAD,6 344 MAD
Béni Mellal-Khénifra,Ait Blal,4 591 MAD,8 015 MAD
Béni Mellal-Khénifra,Agoudi N'Lkhair,4 591 MAD,8 015 MAD
Béni Mellal-Khénifra,Ait Abbas,4 591 MAD,8 102 MAD
Béni Mellal-Khénifra,Tisqi,4 591 MAD,5 888 MAD
Béni Mellal-Khénifra,Sidi Yacoub,4 591 MAD,8 001 MAD
Béni Mellal-Khénifra,Bni Hassane,4 591 MAD,7 348 MAD
Béni Mellal-Khénifra,Moulay Aissa Ben Driss,4 591 MAD,7 234 MAD
Béni Mellal-Khénifra,Ouaoula,4 591 MAD,8 015 MAD
Béni Mellal-Khénifra,Rfala,4 591 MAD,6 351 MAD
Béni Mellal-Khénifra,Ait Majden,4 591 MAD,7 348 MAD
Béni Mellal-Khénifra,Anzou,4 591 MAD,7 348 MAD
Béni Mellal-Khénifra,Bin El Ouidane,4 591 MAD,7 522 MAD
Béni Mellal-Khénifra,Afourar,4 591 MAD,7 007 MAD
Béni Mellal-Khénifra,Ait Taguella,4 591 MAD,7 234 MAD
Béni Mellal-Khénifra,Ait M'Hamed,4 591 MAD,8 015 MAD
Béni Mellal-Khénifra,Tabant,4 591 MAD,8 015 MAD
Béni Mellal-Khénifra,Ait Oumdis,4 591 MAD,8 015 MAD
Béni Mellal-Khénifra,Ait Tamlil,4 591 MAD,8 015 MAD
Béni Mellal-Khénifra,Tanant,4 591 MAD,5 918 MAD
Béni Mellal-Khénifra,Taounza,4 591 MAD,7 348 MAD
Béni Mellal-Khénifra,Bni Ayat,4 591 MAD,7 234 MAD
Béni Mellal-Khénifra,Tidili Fetouaka,4 591 MAD,7 435 MAD
Béni Mellal-Khénifra,Tabia,4 591 MAD,5 888 MAD
Béni Mellal-Khénifra,Tifni,4 591 MAD,8 015 MAD
Béni Mellal-Khénifra,Foum Oudi,4 591 MAD,7 348 MAD
Béni Mellal-Khénifra,Semguet,4 591 MAD,5 774 MAD
Béni Mellal-Khénifra,Foum El Anceur,4 591 MAD,7 692 MAD
Béni Mellal-Khénifra,Khalfia,4 591 MAD,5 804 MAD
Béni Mellal-Khénifra,Bni Chegdale,4 591 MAD,6 237 MAD
Béni Mellal-Khénifra,El Kbab,4 591 MAD,6 214 MAD
Béni Mellal-Khénifra,Sidi Yahya Ou Saad,4 591 MAD,6 585 MAD
Béni Mellal-Khénifra,Ain Kaicher,4 591 MAD,6 441 MAD
Béni Mellal-Khénifra,Kasbat Troch,4 591 MAD,7 901 MAD
Béni Mellal-Khénifra,Chougrane,4 591 MAD,8 015 MAD
Béni Mellal-Khénifra,Oulad Abdoune,4 591 MAD,6 690 MAD
Béni Mellal-Khénifra,Oulad Ftata,4 591 MAD,7 105 MAD
Béni Mellal-Khénifra,Hel Merbaa,4 591 MAD,5 774 MAD
Béni Mellal-Khénifra,Ouled Gnaou,4 587 MAD,5 804 MAD
Béni Mellal-Khénifra,Had Boumoussa,4 587 MAD,7 148 MAD
Béni Mellal-Khénifra,Lehri,4 584 MAD,6 585 MAD
Béni Mellal-Khénifra,Tachraft,4 584 MAD,7 901 MAD
Béni Mellal-Khénifra,Tilougguite,4 582 MAD,8 015 MAD
Béni Mellal-Khénifra,Ait Mazigh,4 582 MAD,8 015 MAD
Béni Mellal-Khénifra,Sidi Lamine,4 582 MAD,6 203 MAD
Béni Mellal-Khénifra,Bni Smir,4 582 MAD,6 600 MAD
Béni Mellal-Khénifra,Tabaroucht,4 581 MAD,8 015 MAD
Béni Mellal-Khénifra,Ait Bou Oulli,4 581 MAD,8 015 MAD
Béni Mellal-Khénifra,Bni Zrantel,4 581 MAD,8 102 MAD
Béni Mellal-Khénifra,Rouached,4 581 MAD,8 015 MAD
Béni Mellal-Khénifra,Oulad Fennane,4 581 MAD,8 102 MAD
Béni Mellal-Khénifra,Ait Saadelli,4 577 MAD,6 555 MAD
Béni Mellal-Khénifra,Bni Ykhlef,4 568 MAD,7 988 MAD
Béni Mellal-Khénifra,Ouaouizeght,4 568 MAD,7 094 MAD
Béni Mellal-Khénifra,El Foqra,4 410 MAD,6 526 MAD
Béni Mellal-Khénifra,Moulay Bouazza,4 410 MAD,6 244 MAD
Béni Mellal-Khénifra,Ouled Yaich,4 336 MAD,8 264 MAD
Béni Mellal-Khénifra,Ait Ouqabli,4 318 MAD,7 901 MAD
Béni Mellal-Khénifra,Moha Ou Hammou Zayani,4 318 MAD,6 600 MAD
Béni Mellal-Khénifra,Boujniba,4 318 MAD,6 890 MAD
Béni Mellal-Khénifra,Bir Mezoui,4 318 MAD,7 018 MAD
Béni Mellal-Khénifra,Hattane,4 318 MAD,6 904 MAD
Béni Mellal-Khénifra,M'Fassis,4 318 MAD,6 441 MAD
Béni Mellal-Khénifra,Zaouiat Cheikh,4 317 MAD,6 441 MAD
Béni Mellal-Khénifra,M'Rirt,4 314 MAD,6 904 MAD
Béni Mellal-Khénifra,Oulad Boughadi,4 313 MAD,7 758 MAD
Béni Mellal-Khénifra,Souk Sebt Ouled Nemma,4 310 MAD,7 674 MAD
Béni Mellal-Khénifra,Isseksi,4 308 MAD,7 348 MAD
Béni Mellal-Khénifra,Azilal,4 307 MAD,7 674 MAD
Béni Mellal-Khénifra,Ait Ouaarda,4 283 MAD,6 351 MAD
Béni Mellal-Khénifra,Ouled Zmam,4 283 MAD,5 804 MAD
Béni Mellal-Khénifra,Sidi Hammadi,4 283 MAD,5 804 MAD
Béni Mellal-Khénifra,Lagnadiz,4 283 MAD,6 672 MAD
Béni Mellal-Khénifra,Bradia,4 282 MAD,7 065 MAD
Béni Mellal-Khénifra,Ouled Bourahmoune,4 282 MAD,7 234 MAD
Béni Mellal-Khénifra,Sidi Boulkhalf,4 282 MAD,8 015 MAD
Béni Mellal-Khénifra,Tagleft,4 282 MAD,7 985 MAD
Béni Mellal-Khénifra,Tamda Noumercid,4 282 MAD,8 073 MAD
Béni Mellal-Khénifra,Foum Jemaa,4 282 MAD,6 412 MAD
Béni Mellal-Khénifra,Tizi N'Isly,4 282 MAD,7 985 MAD
Béni Mellal-Khénifra,Guettaya,4 282 MAD,5 774 MAD
Béni Mellal-Khénifra,Ouled M'Barek,4 282 MAD,7 007 MAD
Béni Mellal-Khénifra,Bni Oukil,4 282 MAD,5 947 MAD
Béni Mellal-Khénifra,Sidi Aissa Ben Ali,4 282 MAD,5 804 MAD
Béni Mellal-Khénifra,Ouled Nacer,4 282 MAD,7 234 MAD
Béni Mellal-Khénifra,Ait Ammar,4 282 MAD,6 526 MAD
Béni Mellal-Khénifra,Bni Bataou,4 282 MAD,7 467 MAD
Béni Mellal-Khénifra,Braksa,4 282 MAD,7 985 MAD
Béni Mellal-Khénifra,Dar Ould Zidouh,4 282 MAD,7 674 MAD
Béni Mellal-Khénifra,Imlil,4 280 MAD,7 234 MAD
Béni Mellal-Khénifra,Sidi Jaber,4 278 MAD,6 010 MAD
Béni Mellal-Khénifra,Bzou,4 278 MAD,6 412 MAD
Béni Mellal-Khénifra,Ouled Youssef,4 278 MAD,5 980 MAD
Béni Mellal-Khénifra,Krifate,4 278 MAD,5 547 MAD
Béni Mellal-Khénifra,Demnate,4 275 MAD,7 674 MAD
Béni Mellal-Khénifra,Kerrouchen,4 274 MAD,6 214 MAD
Béni Mellal-Khénifra,Ait Oum El Bekht,4 273 MAD,6 614 MAD
Béni Mellal-Khénifra,Aguelmous,4 273 MAD,6 272 MAD
Béni Mellal-Khénifra,Naour,4 272 MAD,5 947 MAD
Béni Mellal-Khénifra,Tighassaline,4 272 MAD,6 441 MAD
Béni Mellal-Khénifra,Ait Ishaq,4 272 MAD,6 441 MAD
Béni Mellal-Khénifra,Oum Rabia,4 272 MAD,7 076 MAD
Béni Mellal-Khénifra,Ouaoumana,4 272 MAD,6 441 MAD
Béni Mellal-Khénifra,Boukhrisse,4 272 MAD,7 985 MAD
Béni Mellal-Khénifra,Ouled Said L'Oued,4 259 MAD,7 234 MAD
Béni Mellal-Khénifra,Timoulilt,4 256 MAD,5 774 MAD
Béni Mellal-Khénifra,El Ksiba,4 066 MAD,6 214 MAD
Béni Mellal-Khénifra,Kasba Tadla,4 062 MAD,7 660 MAD
Béni Mellal-Khénifra,Fquih Ben Salah,4 060 MAD,6 302 MAD
Béni Mellal-Khénifra,Bulanouare,4 014 MAD,
Béni Mellal-Khénifra,Dir El Ksiba,4 009 MAD,7 901 MAD
Béni Mellal-Khénifra,Oulad Aissa,4 009 MAD,8 102 MAD
Béni Mellal-Khénifra,Taghzirt,4 009 MAD,5 833 MAD
Béni Mellal-Khénifra,Lagfaf,4 006 MAD,6 904 MAD
Béni Mellal-Khénifra,Ouled Ayad,4 005 MAD,7 234 MAD
Béni Mellal-Khénifra,Bejaad,4 001 MAD,7 674 MAD
Béni Mellal-Khénifra,Oued Zem,4 001 MAD,7 674 MAD
Béni Mellal-Khénifra,El Borj,3 999 MAD,6 555 MAD
Béni Mellal-Khénifra,Khenifra,3 812 MAD,6 270 MAD
Drâa-Tafilalet,Guir,6 125 MAD,8 015 MAD
Drâa-Tafilalet,Aoufous,4 970 MAD,6 441 MAD
Drâa-Tafilalet,Gheris Es-soufli,4 970 MAD,7 901 MAD
Drâa-Tafilalet,Amellagou,4 970 MAD,7 901 MAD
Drâa-Tafilalet,Melaab,4 970 MAD,8 015 MAD
Drâa-Tafilalet,Zaida,4 970 MAD,6 555 MAD
Drâa-Tafilalet,M'Zizel,4 970 MAD,8 015 MAD
Drâa-Tafilalet,Ait Yahya,4 970 MAD,7 901 MAD
Drâa-Tafilalet,Sidi Aayad,4 970 MAD,8 015 MAD
Drâa-Tafilalet,Amouguer,4 970 MAD,7 901 MAD
Drâa-Tafilalet,Mibladen,4 970 MAD,8 015 MAD
Drâa-Tafilalet,Ait Ben Yacoub,4 970 MAD,6 555 MAD
Drâa-Tafilalet,Ait Izdeg,4 970 MAD,8 015 MAD
Drâa-Tafilalet,Amersid,4 970 MAD,8 060 MAD
Drâa-Tafilalet,Boumia,4 970 MAD,6 272 MAD
Drâa-Tafilalet,Itzer,4 970 MAD,6 214 MAD
Drâa-Tafilalet,Tanourdi,4 970 MAD,6 642 MAD
Drâa-Tafilalet,Tounfite,4 970 MAD,6 441 MAD
Drâa-Tafilalet,En-nzala,4 970 MAD,8 015 MAD
Drâa-Tafilalet,Zaouiat Sidi Hamza,4 970 MAD,8 015 MAD
Drâa-Tafilalet,Anemzi,4 970 MAD,8 015 MAD
Drâa-Tafilalet,Bou Azmou,4 970 MAD,7 887 MAD
Drâa-Tafilalet,Outerbat,4 970 MAD,7 234 MAD
Drâa-Tafilalet,Iznaguen,4 970 MAD,8 015 MAD
Drâa-Tafilalet,Khouzama,4 970 MAD,8 015 MAD
Drâa-Tafilalet,Tarmigt,4 970 MAD,3 691 MAD
Drâa-Tafilalet,Ghassate,4 970 MAD,8 015 MAD
Drâa-Tafilalet,Ouisselsate,4 970 MAD,8 015 MAD
Drâa-Tafilalet,Ait Zineb,4 970 MAD,7 901 MAD
Drâa-Tafilalet,Skoura Ahl El Oust,4 970 MAD,8 348 MAD
Drâa-Tafilalet,Telouet,4 970 MAD,8 015 MAD
Drâa-Tafilalet,Siroua,4 970 MAD,8 102 MAD
Drâa-Tafilalet,Ait El Farsi,4 970 MAD,8 015 MAD
Drâa-Tafilalet,Alnif,4 970 MAD,7 680 MAD
Drâa-Tafilalet,Assoul,4 970 MAD,8 015 MAD
Drâa-Tafilalet,Ait Hani,4 970 MAD,7 901 MAD
Drâa-Tafilalet,N'Kob,4 970 MAD,8 015 MAD
Drâa-Tafilalet,Taghbalte,4 970 MAD,8 015 MAD
Drâa-Tafilalet,Afra,4 970 MAD,8 015 MAD
Drâa-Tafilalet,Taftechna,4 970 MAD,8 015 MAD
Drâa-Tafilalet,Et-taous,4 969 MAD,6 230 MAD
Drâa-Tafilalet,Tamezmoute,4 969 MAD,8 015 MAD
Drâa-Tafilalet,Oued Naam,4 969 MAD,6 783 MAD
Drâa-Tafilalet,Tazarine,4 969 MAD,
Drâa-Tafilalet,Tansifte,4 966 MAD,8 015 MAD
Drâa-Tafilalet,Ouarzazate,4 790 MAD,7 453 MAD
Drâa-Tafilalet,Ait Boudaoud,4 720 MAD,8 060 MAD
Drâa-Tafilalet,Fezna,4 719 MAD,7 901 MAD
Drâa-Tafilalet,Lkheng,4 719 MAD,7 901 MAD
Drâa-Tafilalet,Tadighoust,4 719 MAD,8 053 MAD
Drâa-Tafilalet,Aghbalou N'Kerdous,4 719 MAD,8 015 MAD
Drâa-Tafilalet,Guers Tiaallaline,4 719 MAD,7 901 MAD
Drâa-Tafilalet,Agoudim,4 719 MAD,7 467 MAD
Drâa-Tafilalet,Gourrama,4 719 MAD,7 674 MAD
Drâa-Tafilalet,Idelsane,4 719 MAD,8 015 MAD
Drâa-Tafilalet,H'Ssyia,4 719 MAD,8 015 MAD
Drâa-Tafilalet,Tilmi,4 719 MAD,7 901 MAD
Drâa-Tafilalet,Imider,4 719 MAD,8 015 MAD
Drâa-Tafilalet,M'Ssici,4 719 MAD,8 015 MAD
Drâa-Tafilalet,Ait Sedrate JbelEl Oulia,4 719 MAD,7 901 MAD
Drâa-Tafilalet,Ikniouen,4 719 MAD,
Drâa-Tafilalet,Ktaoua,4 719 MAD,8 015 MAD
Drâa-Tafilalet,Tagounite,4 719 MAD,8 015 MAD
Drâa-Tafilalet,Oulad Yahia Lagraire,4 719 MAD,8 060 MAD
Drâa-Tafilalet,Bleida,4 719 MAD,8 015 MAD
Drâa-Tafilalet,Ait Sedrate JbelEL Soufla,4 719 MAD,7 988 MAD
Drâa-Tafilalet,Kalaat M'Gouna,4 684 MAD,7 312 MAD
Drâa-Tafilalet,Amerzgane,4 661 MAD,8 015 MAD
Drâa-Tafilalet,Er-rissani,4 661 MAD,8 592 MAD
Drâa-Tafilalet,Toundoute,4 661 MAD,8 015 MAD
Drâa-Tafilalet,Sidi Ali,4 661 MAD,6 897 MAD
Drâa-Tafilalet,Imilchil,4 661 MAD,8 015 MAD
Drâa-Tafilalet,Sidi Yahya Ou Youssef,4 661 MAD,6 612 MAD
Drâa-Tafilalet,Ait Youl,4 661 MAD,8 073 MAD
Drâa-Tafilalet,Es-sfalat,4 591 MAD,7 901 MAD
Drâa-Tafilalet,Gheris El Ouloui,4 591 MAD,7 901 MAD
Drâa-Tafilalet,Aarab Sebbah Gheris,4 591 MAD,
Drâa-Tafilalet,Aarab Sebbah Ziz,4 591 MAD,6 904 MAD
Drâa-Tafilalet,Es-sifa,4 591 MAD,7 901 MAD
Drâa-Tafilalet,Ighrem N'Ougdal,4 591 MAD,7 901 MAD
Drâa-Tafilalet,Tidli,4 591 MAD,8 015 MAD
Drâa-Tafilalet,Ait Sedrate Sahl El Gharbia,4 591 MAD,8 015 MAD
Drâa-Tafilalet,Tamegroute,4 591 MAD,8 015 MAD
Drâa-Tafilalet,Bni Zoli,4 591 MAD,8 015 MAD
Drâa-Tafilalet,Bouzeroual,4 591 MAD,8 053 MAD
Drâa-Tafilalet,Fezouata,4 591 MAD,8 015 MAD
Drâa-Tafilalet,Agdz,4 591 MAD,7 901 MAD
Drâa-Tafilalet,Taznakht,4 587 MAD,7 901 MAD
Drâa-Tafilalet,Ait Ouassif,4 583 MAD,7 901 MAD
Drâa-Tafilalet,Chorfa M'Daghra,4 582 MAD,7 901 MAD
Drâa-Tafilalet,Aghbalou,4 581 MAD,6 555 MAD
Drâa-Tafilalet,Ait Ayach,4 581 MAD,6 441 MAD
Drâa-Tafilalet,Imi N'Oulaoune,4 581 MAD,8 015 MAD
Drâa-Tafilalet,Tinzouline,4 581 MAD,7 901 MAD
Drâa-Tafilalet,Errouha,4 581 MAD,8 015 MAD
Drâa-Tafilalet,Ferkla El Oulia,4 580 MAD,7 901 MAD
Drâa-Tafilalet,Ait Sedrate Sahl Charkia,4 568 MAD,8 015 MAD
Drâa-Tafilalet,Jorf,4 568 MAD,7 901 MAD
Drâa-Tafilalet,M'Hamid El Ghizlane,4 470 MAD,6 556 MAD
Drâa-Tafilalet,Zagora,4 414 MAD,7 769 MAD
Drâa-Tafilalet,Ouaklim,4 410 MAD,8 073 MAD
Drâa-Tafilalet,Errachidia,4 339 MAD,7 948 MAD
Drâa-Tafilalet,Boudnib,4 318 MAD,7 234 MAD
Drâa-Tafilalet,Taghzoute N'Ait Atta,4 318 MAD,7 901 MAD
Drâa-Tafilalet,Toudgha El Oulia,4 318 MAD,5 774 MAD
Drâa-Tafilalet,Toudgha Essoufla,4 318 MAD,7 234 MAD
Drâa-Tafilalet,M'Semrir,4 318 MAD,7 901 MAD
Drâa-Tafilalet,Souk Lakhmis Dades,4 318 MAD,7 348 MAD
Drâa-Tafilalet,Mezguita,4 318 MAD,7 901 MAD
Drâa-Tafilalet,Goulmima,4 317 MAD,7 234 MAD
Drâa-Tafilalet,Tinejdad,4 314 MAD,7 007 MAD
Drâa-Tafilalet,Ighil N'Oumgoun,4 308 MAD,8 015 MAD
Drâa-Tafilalet,Moulay Ali Cherif,4 283 MAD,7 234 MAD
Drâa-Tafilalet,Bni M'Hamed-Sijelmassa,4 282 MAD,7 540 MAD
Drâa-Tafilalet,Er-rteb,4 282 MAD,6 500 MAD
Drâa-Tafilalet,Ternata,4 273 MAD,8 015 MAD
Drâa-Tafilalet,Tizi N'Ghachou,4 272 MAD,7 242 MAD
Drâa-Tafilalet,Ferkla Es-soufla,4 009 MAD,7 901 MAD
Drâa-Tafilalet,Er-rich,4 005 MAD,7 094 MAD
Drâa-Tafilalet,Midelt,4 004 MAD,3 835 MAD
Drâa-Tafilalet,Boumalne Dades,4 004 MAD,7 065 MAD
Drâa-Tafilalet,Arfoud,4 004 MAD,7 176 MAD
Drâa-Tafilalet,Tinghir,4 002 MAD,7 007 MAD
Drâa-Tafilalet,Afella N'Dra,3 999 MAD,8 015 MAD
Marrakech-Safi,Méchouar-Kasba,14 680 MAD,9 333 MAD
Marrakech-Safi,Ouahat Sidi Brahim,11 050 MAD,7 901 MAD
Marrakech-Safi,Aghouatim,10 950 MAD,7 406 MAD
Marrakech-Safi,Gueliz,10 660 MAD,10 084 MAD
Marrakech-Safi,Annakhil,10 600 MAD,9 075 MAD
Marrakech-Safi,Jbilate,10 230 MAD,7 348 MAD
Marrakech-Safi,Oulad Cherki,10 120 MAD,6 354 MAD
Marrakech-Safi,Oulad Hassoune,9 094 MAD,1 103 MAD
Marrakech-Safi,Saada,9 045 MAD,9 081 MAD
Marrakech-Safi,Essaouira,8 649 MAD,5 008 MAD
Marrakech-Safi,Souihla,7 770 MAD,8 095 MAD
Marrakech-Safi,Ménara,7 165 MAD,6 594 MAD
Marrakech-Safi,Tassoultante,7 118 MAD,4 707 MAD
Marrakech-Safi,Marrakech-Médina,6 777 MAD,5 467 MAD
Marrakech-Safi,Safi,5 748 MAD,6 926 MAD
Marrakech-Safi,Sidi Youssef Ben Ali,5 150 MAD,9 814 MAD
Marrakech-Safi,Imgdal,4 970 MAD,6 555 MAD
Marrakech-Safi,Saidate,4 661 MAD,7 318 MAD
Marrakech-Safi,Sidi Aissa Regragui,4 645 MAD,6 791 MAD
Marrakech-Safi,Ghmate,4 591 MAD,7 007 MAD
Marrakech-Safi,Iguerferouane,4 591 MAD,7 348 MAD
Marrakech-Safi,Moulay Brahim,4 591 MAD,7 901 MAD
Marrakech-Safi,Oulad Mtaa,4 591 MAD,5 918 MAD
Marrakech-Safi,Sidi Abdallah Ghiat,4 591 MAD,3 946 MAD
Marrakech-Safi,Tamaguert,4 591 MAD,7 348 MAD
Marrakech-Safi,Tameslohte,4 591 MAD,7 540 MAD
Marrakech-Safi,Tizguine,4 591 MAD,5 933 MAD
Marrakech-Safi,Touama,4 591 MAD,7 348 MAD
Marrakech-Safi,Zerkten,4 591 MAD,8 015 MAD
Marrakech-Safi,Ait Faska,4 591 MAD,7 234 MAD
Marrakech-Safi,Tamazouzte,4 591 MAD,7 393 MAD
Marrakech-Safi,Tidili Mesfioua,4 591 MAD,7 348 MAD
Marrakech-Safi,Tighedouine,4 591 MAD,8 015 MAD
Marrakech-Safi,Ouazguita,4 591 MAD,8 060 MAD
Marrakech-Safi,Ait Aadel,4 591 MAD,8 015 MAD
Marrakech-Safi,Ait Hkim-Ait Yzid,4 591 MAD,8 015 MAD
Marrakech-Safi,Azgour,4 591 MAD,6 555 MAD
Marrakech-Safi,Ouirgane,4 591 MAD,8 015 MAD
Marrakech-Safi,Oukaimden,4 591 MAD,8 001 MAD
Marrakech-Safi,Sti Fadma,4 591 MAD,8 015 MAD
Marrakech-Safi,Lalla Takarkoust,4 591 MAD,7 901 MAD
Marrakech-Safi,Afalla Issen,4 591 MAD,8 015 MAD
Marrakech-Safi,Lalla Aaziza,4 591 MAD,8 015 MAD
Marrakech-Safi,Ouad L'bour,4 591 MAD,6 223 MAD
Marrakech-Safi,Irohalen,4 591 MAD,8 015 MAD
Marrakech-Safi,Adassil,4 591 MAD,8 015 MAD
Marrakech-Safi,Bouabout,4 591 MAD,7 105 MAD
Marrakech-Safi,Taouloukoult,4 591 MAD,8 015 MAD
Marrakech-Safi,Ain Tazitounte,4 591 MAD,8 015 MAD
Marrakech-Safi,Ait Haddou Youssef,4 591 MAD,8 015 MAD
Marrakech-Safi,Sid L'Mokhtar,4 591 MAD,7 901 MAD
Marrakech-Safi,Lamzoudia,4 591 MAD,7 348 MAD
Marrakech-Safi,Sidi Ghanem,4 591 MAD,8 015 MAD
Marrakech-Safi,Zaouia Annahlia,4 591 MAD,8 015 MAD
Marrakech-Safi,Assif El Mal,4 591 MAD,7 234 MAD
Marrakech-Safi,Douirane,4 591 MAD,8 015 MAD
Marrakech-Safi,Imindounit,4 591 MAD,8 015 MAD
Marrakech-Safi,Rahhala,4 591 MAD,8 015 MAD
Marrakech-Safi,Timlilt,4 591 MAD,8 015 MAD
Marrakech-Safi,Bouabout Amdlane,4 591 MAD,8 015 MAD
Marrakech-Safi,Ichamraren,4 591 MAD,8 015 MAD
Marrakech-Safi,Zemrane,4 591 MAD,7 348 MAD
Marrakech-Safi,Oulad El Garne,4 591 MAD,7 234 MAD
Marrakech-Safi,Fraita,4 591 MAD,6 351 MAD
Marrakech-Safi,Jbiel,4 591 MAD,7 348 MAD
Marrakech-Safi,Jouala,4 591 MAD,7 348 MAD
Marrakech-Safi,Laatamna,4 591 MAD,
Marrakech-Safi,Sidi Aissa Ben Slimane,4 591 MAD,7 435 MAD
Marrakech-Safi,Lounasda,4 591 MAD,7 234 MAD
Marrakech-Safi,Eddachra,4 591 MAD,7 234 MAD
Marrakech-Safi,El Aamria,4 591 MAD,7 234 MAD
Marrakech-Safi,Errafiaya,4 591 MAD,7 234 MAD
Marrakech-Safi,Hiadna,4 591 MAD,7 234 MAD
Marrakech-Safi,Mayate,4 591 MAD,7 393 MAD
Marrakech-Safi,Oulad Massaoud,4 591 MAD,7 234 MAD
Marrakech-Safi,Oulad Msabbel,4 591 MAD,7 234 MAD
Marrakech-Safi,Oulad Yaacoub,4 591 MAD,7 234 MAD
Marrakech-Safi,Oulad Zarrad,4 591 MAD,7 393 MAD
Marrakech-Safi,Sidi El Hattab,4 591 MAD,7 234 MAD
Marrakech-Safi,Sour El Aaz,4 591 MAD,6 396 MAD
Marrakech-Safi,Ida Ou Aazza,4 591 MAD,6 585 MAD
Marrakech-Safi,Ait Said,4 591 MAD,8 015 MAD
Marrakech-Safi,Sidi Kaouki,4 591 MAD,7 380 MAD
Marrakech-Safi,Mejji,4 591 MAD,8 102 MAD
Marrakech-Safi,Sidi Hmad Ou Hamed,4 591 MAD,6 555 MAD
Marrakech-Safi,Bouzemmour,4 591 MAD,8 015 MAD
Marrakech-Safi,Imi N'Tlit,4 591 MAD,8 015 MAD
Marrakech-Safi,Kechoula,4 591 MAD,8 015 MAD
Marrakech-Safi,Lagdadra,4 591 MAD,8 102 MAD
Marrakech-Safi,Meskala,4 591 MAD,6 557 MAD
Marrakech-Safi,Mouarid,4 591 MAD,8 015 MAD
Marrakech-Safi,M'Ramer,4 591 MAD,8 015 MAD
Marrakech-Safi,Oulad M'Rabet,4 591 MAD,7 348 MAD
Marrakech-Safi,Tafetachte,4 591 MAD,8 015 MAD
Marrakech-Safi,Zaouiat Ben Hmida,4 591 MAD,8 102 MAD
Marrakech-Safi,Sidi Abdeljalil,4 591 MAD,8 015 MAD
Marrakech-Safi,Sidi Ahmed Essayeh,4 591 MAD,7 018 MAD
Marrakech-Safi,Sidi Ghaneme,4 591 MAD,8 015 MAD
Marrakech-Safi,Timizguida-Ouftas,4 591 MAD,7 901 MAD
Marrakech-Safi,Aglif,4 591 MAD,8 102 MAD
Marrakech-Safi,Targante,4 591 MAD,8 015 MAD
Marrakech-Safi,Sidi Laaroussi,4 591 MAD,8 102 MAD
Marrakech-Safi,Tahelouante,4 591 MAD,8 015 MAD
Marrakech-Safi,Agafay,4 591 MAD,7 234 MAD
Marrakech-Safi,M'Nabha,4 591 MAD,7 234 MAD
Marrakech-Safi,Ait Taleb,4 591 MAD,7 348 MAD
Marrakech-Safi,Skhour Rehamna,4 591 MAD,7 732 MAD
Marrakech-Safi,Skoura Lhadra,4 591 MAD,7 348 MAD
Marrakech-Safi,Tlauh,4 591 MAD,7 393 MAD
Marrakech-Safi,Jaidate,4 591 MAD,7 234 MAD
Marrakech-Safi,Ras Ain Rhamna,4 591 MAD,7 393 MAD
Marrakech-Safi,Sidi Abdallah,4 591 MAD,7 435 MAD
Marrakech-Safi,Sidi Ghanem,4 591 MAD,8 015 MAD
Marrakech-Safi,Sidi Mansour,4 591 MAD,7 435 MAD
Marrakech-Safi,Bouguedra,4 591 MAD,7 858 MAD
Marrakech-Safi,Dar Si Aissa,4 591 MAD,7 393 MAD
Marrakech-Safi,El Ghiate,4 591 MAD,8 015 MAD
Marrakech-Safi,El Gouraani,4 591 MAD,7 386 MAD
Marrakech-Safi,Khatazakane,4 591 MAD,8 001 MAD
Marrakech-Safi,Laamamra,4 591 MAD,7 435 MAD
Marrakech-Safi,Ouled Salmane,4 591 MAD,8 015 MAD
Marrakech-Safi,Saadla,4 591 MAD,8 015 MAD
Marrakech-Safi,Hrara,4 591 MAD,7 674 MAD
Marrakech-Safi,Nagga,4 591 MAD,7 348 MAD
Marrakech-Safi,Ighoud,4 591 MAD,7 901 MAD
Marrakech-Safi,Lakhoualqa,4 591 MAD,7 348 MAD
Marrakech-Safi,Sidi Chiker,4 591 MAD,7 348 MAD
Marrakech-Safi,Jnane Bouih,4 591 MAD,7 348 MAD
Marrakech-Safi,Esbiaat,4 591 MAD,7 348 MAD
Marrakech-Safi,Loudaya,4 591 MAD,7 007 MAD
Marrakech-Safi,Ait Daoud,4 591 MAD,7 901 MAD
Marrakech-Safi,Tamanar,4 588 MAD,7 901 MAD
Marrakech-Safi,Ourika,4 587 MAD,2 894 MAD
Marrakech-Safi,Ait Sidi Daoud,4 587 MAD,6 996 MAD
Marrakech-Safi,Aquermoud,4 587 MAD,7 788 MAD
Marrakech-Safi,Sidi Boubker,4 583 MAD,
Marrakech-Safi,Timezgadiouine,4 582 MAD,8 015 MAD
Marrakech-Safi,Aghbar,4 581 MAD,8 015 MAD
Marrakech-Safi,Ijoukak,4 581 MAD,8 015 MAD
Marrakech-Safi,Ahdil,4 581 MAD,7 348 MAD
Marrakech-Safi,Oulad Moumna,4 581 MAD,7 348 MAD
Marrakech-Safi,Sidi M'Hamed Dalil,4 581 MAD,7 348 MAD
Marrakech-Safi,Ait Aissi Ihahane,4 581 MAD,8 015 MAD
Marrakech-Safi,Imgrade,4 581 MAD,8 015 MAD
Marrakech-Safi,Sidi M'Hamed Ou Marzouq,4 581 MAD,7 435 MAD
Marrakech-Safi,Oulad Hassoune Hamri,4 581 MAD,7 245 MAD
Marrakech-Safi,Jaafra,4 581 MAD,7 348 MAD
Marrakech-Safi,Nzalat Laadam,4 581 MAD,7 348 MAD
Marrakech-Safi,Sidi Rahhal,4 568 MAD,7 887 MAD
Marrakech-Safi,Louad Lakhdar,4 568 MAD,7 234 MAD
Marrakech-Safi,Sidi H'Mad Ou M'Barek,4 568 MAD,7 425 MAD
Marrakech-Safi,Takoucht,4 568 MAD,6 672 MAD
Marrakech-Safi,El Gantour,4 568 MAD,7 446 MAD
Marrakech-Safi,Sidi Badhaj,4 568 MAD,5 774 MAD
Marrakech-Safi,Tazart,4 565 MAD,8 001 MAD
Marrakech-Safi,Sidi Moussa,4 565 MAD,7 234 MAD
Marrakech-Safi,Smimou,4 565 MAD,7 674 MAD
Marrakech-Safi,Imintanoute,4 407 MAD,7 674 MAD
Marrakech-Safi,Sidi Ali El Korati,4 402 MAD,8 102 MAD
Marrakech-Safi,Tamallalt,4 336 MAD,7 371 MAD
Marrakech-Safi,Sid Zouine,4 336 MAD,7 871 MAD
Marrakech-Safi,El Beddouza,4 336 MAD,7 803 MAD
Marrakech-Safi,Lamaachate,4 336 MAD,7 758 MAD
Marrakech-Safi,Laattaouia,4 333 MAD,7 007 MAD
Marrakech-Safi,Sebt Gzoula,4 333 MAD,7 732 MAD
Marrakech-Safi,Ait Hadi,4 319 MAD,7 393 MAD
Marrakech-Safi,Oulad Khallouf,4 319 MAD,7 234 MAD
Marrakech-Safi,Adaghas,4 319 MAD,7 988 MAD
Marrakech-Safi,Sidi Abdelmoumen,4 318 MAD,8 015 MAD
Marrakech-Safi,M'Zem Sanhaja,4 318 MAD,7 321 MAD
Marrakech-Safi,Oulad Sbih,4 318 MAD,7 234 MAD
Marrakech-Safi,Assais,4 309 MAD,8 015 MAD
Marrakech-Safi,Tahannaout,4 303 MAD,7 641 MAD
Marrakech-Safi,Dar Jamaa,4 283 MAD,5 888 MAD
Marrakech-Safi,Laattaouia Ech-chaibia,4 283 MAD,7 348 MAD
Marrakech-Safi,Chtaiba,4 283 MAD,5 804 MAD
Marrakech-Safi,Taouzint,4 283 MAD,7 348 MAD
Marrakech-Safi,Alouidane,4 283 MAD,6 435 MAD
Marrakech-Safi,Oulad Aamer Tizmarine,4 283 MAD,7 348 MAD
Marrakech-Safi,Lahdar,4 283 MAD,7 234 MAD
Marrakech-Safi,Sidi Aissa,4 283 MAD,7 348 MAD
Marrakech-Safi,Jdour,4 283 MAD,7 348 MAD
Marrakech-Safi,Oulad Imloul,4 282 MAD,7 357 MAD
Marrakech-Safi,Ounagha,4 282 MAD,6 672 MAD
Marrakech-Safi,Sidi Boulaalam,4 282 MAD,8 015 MAD
Marrakech-Safi,Ras El Ain,4 282 MAD,7 435 MAD
Marrakech-Safi,Talat N'Yaaqoub,4 282 MAD,6 585 MAD
Marrakech-Safi,Abadou,4 282 MAD,7 406 MAD
Marrakech-Safi,Asni,4 282 MAD,8 001 MAD
Marrakech-Safi,Amghras,4 282 MAD,5 888 MAD
Marrakech-Safi,Anougal,4 282 MAD,6 555 MAD
Marrakech-Safi,Ighil,4 282 MAD,7 985 MAD
Marrakech-Safi,Kouzemt,4 282 MAD,7 985 MAD
Marrakech-Safi,M'Zouda,4 282 MAD,7 712 MAD
Marrakech-Safi,Nfifa,4 282 MAD,7 321 MAD
Marrakech-Safi,Gmassa,4 282 MAD,5 888 MAD
Marrakech-Safi,Sidi Bouzid Arragragui,4 282 MAD,7 234 MAD
Marrakech-Safi,Choara,4 282 MAD,7 204 MAD
Marrakech-Safi,Dzouz,4 282 MAD,7 406 MAD
Marrakech-Safi,Bouya Omar,4 282 MAD,7 379 MAD
Marrakech-Safi,El Marbouh,4 282 MAD,7 959 MAD
Marrakech-Safi,Zemrane Charqia,4 282 MAD,7 234 MAD
Marrakech-Safi,Assahrij,4 282 MAD,6 977 MAD
Marrakech-Safi,Oulad Aamer,4 282 MAD,7 292 MAD
Marrakech-Safi,Oulad Aarrad,4 282 MAD,6 207 MAD
Marrakech-Safi,Znada,4 282 MAD,7 234 MAD
Marrakech-Safi,Aguerd,4 282 MAD,7 018 MAD
Marrakech-Safi,Bizdad,4 282 MAD,8 030 MAD
Marrakech-Safi,Ezzaouite,4 282 MAD,8 015 MAD
Marrakech-Safi,Mzilate,4 282 MAD,7 435 MAD
Marrakech-Safi,Tafedna,4 282 MAD,8 073 MAD
Marrakech-Safi,Korimate,4 282 MAD,7 985 MAD
Marrakech-Safi,M'Khalif,4 282 MAD,8 015 MAD
Marrakech-Safi,Sidi El Jazouli,4 282 MAD,6 612 MAD
Marrakech-Safi,El Hanchane,4 282 MAD,7 324 MAD
Marrakech-Safi,Had Dra,4 282 MAD,6 657 MAD
Marrakech-Safi,Ida Ou Guelloul,4 282 MAD,7 985 MAD
Marrakech-Safi,Tidzi,4 282 MAD,6 642 MAD
Marrakech-Safi,Sidi Ishaq,4 282 MAD,7 985 MAD
Marrakech-Safi,Ait Imour,4 282 MAD,7 234 MAD
Marrakech-Safi,Akarma,4 282 MAD,7 318 MAD
Marrakech-Safi,Labrikiyne,4 282 MAD,7 348 MAD
Marrakech-Safi,Lamharra,4 282 MAD,7 348 MAD
Marrakech-Safi,Sidi Ali Labrahla,4 282 MAD,7 318 MAD
Marrakech-Safi,Bouchane,4 282 MAD,7 435 MAD
Marrakech-Safi,Bourrous,4 282 MAD,7 318 MAD
Marrakech-Safi,Atouabet,4 282 MAD,7 437 MAD
Marrakech-Safi,Ayir,4 282 MAD,7 234 MAD
Marrakech-Safi,Labkhati,4 282 MAD,7 538 MAD
Marrakech-Safi,Lamsabih,4 282 MAD,7 348 MAD
Marrakech-Safi,Lamrasla,4 282 MAD,7 435 MAD
Marrakech-Safi,Moul El Bergui,4 282 MAD,8 015 MAD
Marrakech-Safi,Sidi Ettiji,4 282 MAD,7 318 MAD
Marrakech-Safi,Atiamim,4 282 MAD,7 291 MAD
Marrakech-Safi,Moulay Bouzarqtoune,4 282 MAD,8 060 MAD
Marrakech-Safi,Chahda,4 282 MAD,7 405 MAD
Marrakech-Safi,Oulad Bouali Loued,4 280 MAD,7 234 MAD
Marrakech-Safi,Talmest,4 279 MAD,7 959 MAD
Marrakech-Safi,Sidi Bou Othmane,4 279 MAD,8 252 MAD
Marrakech-Safi,Ait Ourir,4 278 MAD,7 007 MAD
Marrakech-Safi,Chichaoua,4 276 MAD,7 312 MAD
Marrakech-Safi,Amizmiz,4 275 MAD,10 548 MAD
Marrakech-Safi,Ouled Dlim,4 273 MAD,7 435 MAD
Marrakech-Safi,Majjat,4 272 MAD,7 348 MAD
Marrakech-Safi,Lahsinate,4 259 MAD,7 105 MAD
Marrakech-Safi,Ait Hammou,4 252 MAD,7 318 MAD
Marrakech-Safi,Ben Guerir,4 190 MAD,6 756 MAD
Marrakech-Safi,Ida Ou Kazzou,4 076 MAD,7 985 MAD
Marrakech-Safi,Echemmaia,4 066 MAD,7 674 MAD
Marrakech-Safi,Ouargui,4 009 MAD,7 204 MAD
Marrakech-Safi,Takate,4 009 MAD,8 160 MAD
Marrakech-Safi,Youssoufia,4 005 MAD,7 649 MAD
Marrakech-Safi,Jamaat Shaim,4 005 MAD,7 644 MAD
Marrakech-Safi,Harbil,3 971 MAD,6 045 MAD
Marrakech-Safi,El Kelaâ des Sraghna,3 693 MAD,7 312 MAD
Souss-Massa,Inchaden,12 080 MAD,7 901 MAD
Souss-Massa,Taghazout,9 993 MAD,7 489 MAD
Souss-Massa,Agadir,9 748 MAD,6 904 MAD
Souss-Massa,Dcheira El Jihadia,8 625 MAD,8 083 MAD
Souss-Massa,Inezgane,7 020 MAD,8 056 MAD
Souss-Massa,Aziar,4 970 MAD,8 102 MAD
Souss-Massa,Tanalt,4 970 MAD,6 642 MAD
Souss-Massa,Hilala,4 970 MAD,6 585 MAD
Souss-Massa,Tizgzaouine,4 970 MAD,8 015 MAD
Souss-Massa,Tabia,4 970 MAD,
Souss-Massa,Imaouen,4 970 MAD,6 642 MAD
Souss-Massa,Toumliline,4 970 MAD,8 015 MAD
Souss-Massa,Ibn Yacoub,4 970 MAD,8 225 MAD
Souss-Massa,Imi N'Tayart,4 969 MAD,6 555 MAD
Souss-Massa,Azaghar N'Irs,4 969 MAD,8 015 MAD
Souss-Massa,Irigh N'Tahala,4 968 MAD,6 441 MAD
Souss-Massa,Tagmout,4 779 MAD,7 998 MAD
Souss-Massa,Adar,4 719 MAD,8 015 MAD
Souss-Massa,Ait Abdallah,4 719 MAD,6 555 MAD
Souss-Massa,Tindine,4 719 MAD,7 018 MAD
Souss-Massa,Tisfane,4 719 MAD,8 015 MAD
Souss-Massa,Fam El Hisn,4 719 MAD,8 225 MAD
Souss-Massa,Allougoum,4 719 MAD,7 221 MAD
Souss-Massa,Tigzmerte,4 719 MAD,8 339 MAD
Souss-Massa,Arbaa Rasmouka,4 719 MAD,6 555 MAD
Souss-Massa,Ait Ouafqa,4 719 MAD,6 600 MAD
Souss-Massa,Sidi Ahmed Ou Moussa,4 719 MAD,7 018 MAD
Souss-Massa,Argana,4 719 MAD,8 015 MAD
Souss-Massa,Nihit,4 717 MAD,6 392 MAD
Souss-Massa,Ait Melloul,4 672 MAD,7 880 MAD
Souss-Massa,Ida Ougnidif,4 661 MAD,6 586 MAD
Souss-Massa,Azrar,4 661 MAD,8 073 MAD
Souss-Massa,Lamnizla,4 661 MAD,6 555 MAD
Souss-Massa,Ouijjane,4 660 MAD,6 441 MAD
Souss-Massa,Agadir Melloul,4 659 MAD,10 840 MAD
Souss-Massa,Akka Ighane,4 657 MAD,8 195 MAD
Souss-Massa,Ahl Ramel,4 645 MAD,6 372 MAD
Souss-Massa,Amalou,4 636 MAD,7 788 MAD
Souss-Massa,Imsouane,4 591 MAD,7 901 MAD
Souss-Massa,Ait Amira,4 591 MAD,7 901 MAD
Souss-Massa,Ouad Essafa,4 591 MAD,7 901 MAD
Souss-Massa,Belfaa,4 591 MAD,7 453 MAD
Souss-Massa,Imi Mqourn,4 591 MAD,7 266 MAD
Souss-Massa,Sidi Boushab,4 591 MAD,7 901 MAD
Souss-Massa,Sidi AbdallahEl Bouchouari,4 591 MAD,6 555 MAD
Souss-Massa,Sidi Ouassay,4 591 MAD,6 904 MAD
Souss-Massa,Sidi Bibi,4 591 MAD,7 512 MAD
Souss-Massa,Ait Mzal,4 591 MAD,6 642 MAD
Souss-Massa,Massa,4 591 MAD,7 234 MAD
Souss-Massa,Oulad Dahou,4 591 MAD,8 225 MAD
Souss-Massa,Ida Ou Moumen,4 591 MAD,5 888 MAD
Souss-Massa,Sidi Abdellah Ou Said,4 591 MAD,8 015 MAD
Souss-Massa,Ait Igas,4 591 MAD,7 348 MAD
Souss-Massa,Arazane,4 591 MAD,8 015 MAD
Souss-Massa,Igli,4 591 MAD,7 234 MAD
Souss-Massa,Igoudar Mnabha,4 591 MAD,8 042 MAD
Souss-Massa,Sidi Borja,4 591 MAD,7 234 MAD
Souss-Massa,Tassousfi,4 591 MAD,8 015 MAD
Souss-Massa,Ait Makhlouf,4 591 MAD,7 348 MAD
Souss-Massa,Tataoute,4 591 MAD,8 015 MAD
Souss-Massa,Sidi Ouaaziz,4 591 MAD,8 015 MAD
Souss-Massa,Eddir,4 591 MAD,8 015 MAD
Souss-Massa,Freija,4 591 MAD,7 234 MAD
Souss-Massa,Sidi Dahmane,4 591 MAD,7 901 MAD
Souss-Massa,Bounrar,4 591 MAD,8 015 MAD
Souss-Massa,Tazemmourt,4 591 MAD,7 540 MAD
Souss-Massa,Ida Ou Gailal,4 591 MAD,6 351 MAD
Souss-Massa,Tigouga,4 591 MAD,8 015 MAD
Souss-Massa,Lakhnafif,4 591 MAD,6 237 MAD
Souss-Massa,Machraa El Ain,4 591 MAD,6 237 MAD
Souss-Massa,Ouneine,4 591 MAD,8 015 MAD
Souss-Massa,Ouzioua,4 591 MAD,8 015 MAD
Souss-Massa,Sidi Boumoussa,4 591 MAD,6 324 MAD
Souss-Massa,Tafingoult,4 591 MAD,7 348 MAD
Souss-Massa,Toubkal,4 591 MAD,8 015 MAD
Souss-Massa,Bounaamane,4 591 MAD,6 585 MAD
Souss-Massa,Oulad Aissa,4 587 MAD,
Souss-Massa,Zaouia Sidi Tahar,4 587 MAD,5 577 MAD
Souss-Massa,Tighmi,4 587 MAD,6 355 MAD
Souss-Massa,Taliouine,4 584 MAD,7 901 MAD
Souss-Massa,Iguidi,4 583 MAD,8 015 MAD
Souss-Massa,Taouyalte,4 583 MAD,8 015 MAD
Souss-Massa,Idmine,4 582 MAD,6 528 MAD
Souss-Massa,Talmakante,4 582 MAD,8 015 MAD
Souss-Massa,Sidi Hsaine,4 582 MAD,8 015 MAD
Souss-Massa,Tiout,4 582 MAD,6 904 MAD
Souss-Massa,Tadrart,4 581 MAD,8 015 MAD
Souss-Massa,Tassegdelt,4 581 MAD,6 441 MAD
Souss-Massa,Zagmouzen,4 581 MAD,8 015 MAD
Souss-Massa,Assads,4 581 MAD,8 015 MAD
Souss-Massa,El Faid,4 581 MAD,8 015 MAD
Souss-Massa,Assaki,4 581 MAD,8 015 MAD
Souss-Massa,Askaouen,4 581 MAD,8 015 MAD
Souss-Massa,Toufelaazt,4 581 MAD,8 015 MAD
Souss-Massa,Toughmart,4 581 MAD,6 585 MAD
Souss-Massa,Sidi Bouabdelli,4 565 MAD,7 018 MAD
Souss-Massa,Talgjount,4 564 MAD,7 121 MAD
Souss-Massa,Tiqqi,4 559 MAD,8 015 MAD
Souss-Massa,Tlite,4 470 MAD,8 082 MAD
Souss-Massa,Tassrirt,4 470 MAD,6 328 MAD
Souss-Massa,Ait Baha,4 430 MAD,8 091 MAD
Souss-Massa,Oulad Teima,4 430 MAD,3 568 MAD
Souss-Massa,Tiznit,4 430 MAD,
Souss-Massa,Oum El Guerdane,4 410 MAD,7 720 MAD
Souss-Massa,Aourir,4 410 MAD,7 567 MAD
Souss-Massa,Sidi Mzal,4 410 MAD,6 526 MAD
Souss-Massa,Adis,4 410 MAD,8 195 MAD
Souss-Massa,Aguinane,4 410 MAD,8 339 MAD
Souss-Massa,Tamanarte,4 410 MAD,8 309 MAD
Souss-Massa,Issafen,4 410 MAD,6 879 MAD
Souss-Massa,Tizaghte,4 410 MAD,8 309 MAD
Souss-Massa,Tizounine,4 410 MAD,7 077 MAD
Souss-Massa,Kasbat Sidi Abdellah Ben M'Barek,4 410 MAD,8 225 MAD
Souss-Massa,Tissint,4 410 MAD,8 339 MAD
Souss-Massa,Ammelne,4 410 MAD,6 614 MAD
Souss-Massa,Ait Ouabelli,4 410 MAD,7 804 MAD
Souss-Massa,Tarsouat,4 410 MAD,6 526 MAD
Souss-Massa,Oualqadi,4 410 MAD,6 555 MAD
Souss-Massa,Afella Ighir,4 410 MAD,6 555 MAD
Souss-Massa,Sidi Boaal,4 408 MAD,7 797 MAD
Souss-Massa,Lqliaa,4 379 MAD,8 225 MAD
Souss-Massa,Biougra,4 375 MAD,7 556 MAD
Souss-Massa,Tafraout,4 375 MAD,8 120 MAD
Souss-Massa,El Guerdane,4 356 MAD,7 234 MAD
Souss-Massa,Sidi Moussa Lhamri,4 336 MAD,7 007 MAD
Souss-Massa,Lamhadi,4 319 MAD,5 804 MAD
Souss-Massa,Tinzart,4 319 MAD,7 321 MAD
Souss-Massa,Targua Ntouchka,4 318 MAD,6 555 MAD
Souss-Massa,Ait Milk,4 318 MAD,7 425 MAD
Souss-Massa,Imilmaiss,4 318 MAD,8 015 MAD
Souss-Massa,Ida Ougoummad,4 318 MAD,8 015 MAD
Souss-Massa,Ait Iaaza,4 318 MAD,7 234 MAD
Souss-Massa,Imoulass,4 318 MAD,8 015 MAD
Souss-Massa,Arbaa Sahel,4 318 MAD,6 441 MAD
Souss-Massa,Ait Issafen,4 318 MAD,6 441 MAD
Souss-Massa,Tnine Aglou,4 318 MAD,6 441 MAD
Souss-Massa,Reggada,4 315 MAD,5 271 MAD
Souss-Massa,Ida Ou Gougmar,4 315 MAD,6 555 MAD
Souss-Massa,Aqesri,4 308 MAD,8 015 MAD
Souss-Massa,Aouguenz,4 308 MAD,6 555 MAD
Souss-Massa,Sidi Ahmed Ou Abdallah,4 308 MAD,8 102 MAD
Souss-Massa,Bigoudine,4 308 MAD,8 015 MAD
Souss-Massa,Arbaa Ait Ahmed,4 308 MAD,6 555 MAD
Souss-Massa,El Maader El Kabir,4 308 MAD,6 441 MAD
Souss-Massa,Lamhara,4 283 MAD,7 234 MAD
Souss-Massa,Issen,4 282 MAD,6 237 MAD
Souss-Massa,Drargua,4 282 MAD,7 674 MAD
Souss-Massa,Tamri,4 282 MAD,8 053 MAD
Souss-Massa,Ait Ouadrim,4 282 MAD,6 555 MAD
Souss-Massa,Sidi Ahmed Ou Amar,4 282 MAD,6 207 MAD
Souss-Massa,Tizi N'Test,4 282 MAD,8 015 MAD
Souss-Massa,El Koudia El Beida,4 282 MAD,6 657 MAD
Souss-Massa,Aoulouz,4 276 MAD,7 901 MAD
Souss-Massa,Ahl Tifnoute,4 276 MAD,8 015 MAD
Souss-Massa,Assaisse,4 275 MAD,8 015 MAD
Souss-Massa,Oulad Berhil,4 275 MAD,7 674 MAD
Souss-Massa,Imouzzer,4 273 MAD,8 015 MAD
Souss-Massa,Temsia,4 259 MAD,8 056 MAD
Souss-Massa,Tnine Aday,4 259 MAD,6 555 MAD
Souss-Massa,Amskroud,4 259 MAD,6 441 MAD
Souss-Massa,Tafraouten,4 259 MAD,8 102 MAD
Souss-Massa,Lagfifat,4 259 MAD,7 234 MAD
Souss-Massa,Anzi,4 257 MAD,6 555 MAD
Souss-Massa,Tizi Ntakoucht,4 200 MAD,6 600 MAD
Souss-Massa,Taroudannt,4 160 MAD,6 539 MAD
Souss-Massa,Tafraout El Mouloud,4 066 MAD,6 431 MAD
Souss-Massa,Tamaloukte,4 011 MAD,5 888 MAD
Souss-Massa,Ahmar Laglalcha,4 009 MAD,7 393 MAD
Souss-Massa,Foum Zguid,4 009 MAD,8 225 MAD
Souss-Massa,Tisrasse,4 009 MAD,8 015 MAD
Souss-Massa,Akka,4 008 MAD,8 225 MAD
Souss-Massa,Tata,4 008 MAD,7 968 MAD
Souss-Massa,Irherm,4 005 MAD,7 871 MAD
Souss-Massa,Tizoughrane,3 999 MAD,6 412 MAD
Souss-Massa,Tidsi Nissendalene,3 999 MAD,6 396 MAD
Drâa-Tafilalet,Guir,6 125 MAD,8 015 MAD
Drâa-Tafilalet,Aoufous,4 970 MAD,6 441 MAD
Drâa-Tafilalet,Gheris Es-soufli,4 970 MAD,7 901 MAD
Drâa-Tafilalet,Amellagou,4 970 MAD,7 901 MAD
Drâa-Tafilalet,Melaab,4 970 MAD,8 015 MAD
Drâa-Tafilalet,Zaida,4 970 MAD,6 555 MAD
Drâa-Tafilalet,M'Zizel,4 970 MAD,8 015 MAD
Drâa-Tafilalet,Ait Yahya,4 970 MAD,7 901 MAD
Drâa-Tafilalet,Sidi Aayad,4 970 MAD,8 015 MAD
Drâa-Tafilalet,Amouguer,4 970 MAD,7 901 MAD
Drâa-Tafilalet,Mibladen,4 970 MAD,8 015 MAD
Drâa-Tafilalet,Ait Ben Yacoub,4 970 MAD,6 555 MAD
Drâa-Tafilalet,Ait Izdeg,4 970 MAD,8 015 MAD
Drâa-Tafilalet,Amersid,4 970 MAD,8 060 MAD
Drâa-Tafilalet,Boumia,4 970 MAD,6 272 MAD
Drâa-Tafilalet,Itzer,4 970 MAD,6 214 MAD
Drâa-Tafilalet,Tanourdi,4 970 MAD,6 642 MAD
Drâa-Tafilalet,Tounfite,4 970 MAD,6 441 MAD
Drâa-Tafilalet,En-nzala,4 970 MAD,8 015 MAD
Drâa-Tafilalet,Zaouiat Sidi Hamza,4 970 MAD,8 015 MAD
Drâa-Tafilalet,Anemzi,4 970 MAD,8 015 MAD
Drâa-Tafilalet,Bou Azmou,4 970 MAD,7 887 MAD
Drâa-Tafilalet,Outerbat,4 970 MAD,7 234 MAD
Drâa-Tafilalet,Iznaguen,4 970 MAD,8 015 MAD
Drâa-Tafilalet,Khouzama,4 970 MAD,8 015 MAD
Drâa-Tafilalet,Tarmigt,4 970 MAD,3 691 MAD
Drâa-Tafilalet,Ghassate,4 970 MAD,8 015 MAD
Drâa-Tafilalet,Ouisselsate,4 970 MAD,8 015 MAD
Drâa-Tafilalet,Ait Zineb,4 970 MAD,7 901 MAD
Drâa-Tafilalet,Skoura Ahl El Oust,4 970 MAD,8 348 MAD
Drâa-Tafilalet,Telouet,4 970 MAD,8 015 MAD
Drâa-Tafilalet,Siroua,4 970 MAD,8 102 MAD
Drâa-Tafilalet,Ait El Farsi,4 970 MAD,8 015 MAD
Drâa-Tafilalet,Alnif,4 970 MAD,7 680 MAD
Drâa-Tafilalet,Assoul,4 970 MAD,8 015 MAD
Drâa-Tafilalet,Ait Hani,4 970 MAD,7 901 MAD
Drâa-Tafilalet,N'Kob,4 970 MAD,8 015 MAD
Drâa-Tafilalet,Taghbalte,4 970 MAD,8 015 MAD
Drâa-Tafilalet,Afra,4 970 MAD,8 015 MAD
Drâa-Tafilalet,Taftechna,4 970 MAD,8 015 MAD
Drâa-Tafilalet,Et-taous,4 969 MAD,6 230 MAD
Drâa-Tafilalet,Tamezmoute,4 969 MAD,8 015 MAD
Drâa-Tafilalet,Oued Naam,4 969 MAD,6 783 MAD
Drâa-Tafilalet,Tazarine,4 969 MAD,
Drâa-Tafilalet,Tansifte,4 966 MAD,8 015 MAD
Drâa-Tafilalet,Ouarzazate,4 790 MAD,7 453 MAD
Drâa-Tafilalet,Ait Boudaoud,4 720 MAD,8 060 MAD
Drâa-Tafilalet,Fezna,4 719 MAD,7 901 MAD
Drâa-Tafilalet,Lkheng,4 719 MAD,7 901 MAD
Drâa-Tafilalet,Tadighoust,4 719 MAD,8 053 MAD
Drâa-Tafilalet,Aghbalou N'Kerdous,4 719 MAD,8 015 MAD
Drâa-Tafilalet,Guers Tiaallaline,4 719 MAD,7 901 MAD
Drâa-Tafilalet,Agoudim,4 719 MAD,7 467 MAD
Drâa-Tafilalet,Gourrama,4 719 MAD,7 674 MAD
Drâa-Tafilalet,Idelsane,4 719 MAD,8 015 MAD
Drâa-Tafilalet,H'Ssyia,4 719 MAD,8 015 MAD
Drâa-Tafilalet,Tilmi,4 719 MAD,7 901 MAD
Drâa-Tafilalet,Imider,4 719 MAD,8 015 MAD
Drâa-Tafilalet,M'Ssici,4 719 MAD,8 015 MAD
Drâa-Tafilalet,Ait Sedrate JbelEl Oulia,4 719 MAD,7 901 MAD
Drâa-Tafilalet,Ikniouen,4 719 MAD,8 015 MAD
Drâa-Tafilalet,Ktaoua,4 719 MAD,8 015 MAD
Drâa-Tafilalet,Tagounite,4 719 MAD,8 015 MAD
Drâa-Tafilalet,Oulad Yahia Lagraire,4 719 MAD,8 060 MAD
Drâa-Tafilalet,Bleida,4 719 MAD,8 015 MAD
Drâa-Tafilalet,Ait Sedrate JbelEL Soufla,4 719 MAD,7 988 MAD
Drâa-Tafilalet,Kalaat M'Gouna,4 684 MAD,7 312 MAD
Drâa-Tafilalet,Amerzgane,4 661 MAD,8 015 MAD
Drâa-Tafilalet,Er-rissani,4 661 MAD,8 592 MAD
Drâa-Tafilalet,Toundoute,4 661 MAD,8 015 MAD
Drâa-Tafilalet,Sidi Ali,4 661 MAD,6 897 MAD
Drâa-Tafilalet,Imilchil,4 661 MAD,8 015 MAD
Drâa-Tafilalet,Sidi Yahya Ou Youssef,4 661 MAD,6 612 MAD
Drâa-Tafilalet,Ait Youl,4 661 MAD,8 073 MAD
Drâa-Tafilalet,Es-sfalat,4 591 MAD,7 901 MAD
Drâa-Tafilalet,Gheris El Ouloui,4 591 MAD,7 901 MAD
Drâa-Tafilalet,Aarab Sebbah Gheris,4 591 MAD,
Drâa-Tafilalet,Aarab Sebbah Ziz,4 591 MAD,6 904 MAD
Drâa-Tafilalet,Es-sifa,4 591 MAD,7 901 MAD
Drâa-Tafilalet,Ighrem N'Ougdal,4 591 MAD,7 901 MAD
Drâa-Tafilalet,Tidli,4 591 MAD,8 015 MAD
Drâa-Tafilalet,Ait Sedrate Sahl El Gharbia,4 591 MAD,8 015 MAD
Drâa-Tafilalet,Tamegroute,4 591 MAD,8 015 MAD
Drâa-Tafilalet,Bni Zoli,4 591 MAD,8 015 MAD
Drâa-Tafilalet,Bouzeroual,4 591 MAD,8 053 MAD
Drâa-Tafilalet,Fezouata,4 591 MAD,8 015 MAD
Drâa-Tafilalet,Agdz,4 591 MAD,7 901 MAD
Drâa-Tafilalet,Taznakht,4 587 MAD,7 901 MAD
Drâa-Tafilalet,Ait Ouassif,4 583 MAD,7 901 MAD
Drâa-Tafilalet,Chorfa M'Daghra,4 582 MAD,7 901 MAD
Drâa-Tafilalet,Aghbalou,4 581 MAD,6 555 MAD
Drâa-Tafilalet,Ait Ayach,4 581 MAD,6 441 MAD
Drâa-Tafilalet,Imi N'Oulaoune,4 581 MAD,8 015 MAD
Drâa-Tafilalet,Tinzouline,4 581 MAD,7 901 MAD
Drâa-Tafilalet,Errouha,4 581 MAD,8 015 MAD
Drâa-Tafilalet,Ferkla El Oulia,4 580 MAD,7 901 MAD
Drâa-Tafilalet,Ait Sedrate Sahl Charkia,4 568 MAD,8 015 MAD
Drâa-Tafilalet,Jorf,4 568 MAD,7 901 MAD
Drâa-Tafilalet,M'Hamid El Ghizlane,4 470 MAD,6 556 MAD
Drâa-Tafilalet,Zagora,4 414 MAD,7 769 MAD
Drâa-Tafilalet,Ouaklim,4 410 MAD,8 073 MAD
Drâa-Tafilalet,Errachidia,4 339 MAD,7 948 MAD
Drâa-Tafilalet,Boudnib,4 318 MAD,7 234 MAD
Drâa-Tafilalet,Taghzoute N'Ait Atta,4 318 MAD,7 901 MAD
Drâa-Tafilalet,Toudgha El Oulia,4 318 MAD,5 774 MAD
Drâa-Tafilalet,Toudgha Essoufla,4 318 MAD,7 234 MAD
Drâa-Tafilalet,M'Semrir,4 318 MAD,7 901 MAD
Drâa-Tafilalet,Souk Lakhmis Dades,4 318 MAD,7 348 MAD
Drâa-Tafilalet,Mezguita,4 318 MAD,7 901 MAD
Drâa-Tafilalet,Goulmima,4 317 MAD,7 234 MAD
Drâa-Tafilalet,Tinejdad,4 314 MAD,7 007 MAD
Drâa-Tafilalet,Ighil N'Oumgoun,4 308 MAD,8 015 MAD
Drâa-Tafilalet,Moulay Ali Cherif,4 283 MAD,7 234 MAD
Drâa-Tafilalet,Bni M'Hamed-Sijelmassa,4 282 MAD,7 540 MAD
Drâa-Tafilalet,Er-rteb,4 282 MAD,6 500 MAD
Drâa-Tafilalet,Ternata,4 273 MAD,8 015 MAD
Drâa-Tafilalet,Tizi N'Ghachou,4 272 MAD,7 242 MAD
Drâa-Tafilalet,Ferkla Es-soufla,4 009 MAD,7 901 MAD
Drâa-Tafilalet,Er-rich,4 005 MAD,7 094 MAD
Drâa-Tafilalet,Midelt,4 004 MAD,3 835 MAD
Drâa-Tafilalet,Boumalne Dades,4 004 MAD,7 065 MAD
Drâa-Tafilalet,Arfoud,4 004 MAD,7 176 MAD
Drâa-Tafilalet,Tinghir,4 002 MAD,7 007 MAD
Drâa-Tafilalet,Afella N'Dra,3 999 MAD,8 015 MAD
Guelmim-Oued Noun,Abteh,5 105 MAD,6 897 MAD
Guelmim-Oued Noun,Chbika,5 105 MAD,6 983 MAD
Guelmim-Oued Noun,Msied,5 037 MAD,6 897 MAD
Guelmim-Oued Noun,Taghjijt,4 915 MAD,7 901 MAD
Guelmim-Oued Noun,Ben Khlil,4 851 MAD,6 640 MAD
Guelmim-Oued Noun,Labouirat,4 796 MAD,7 307 MAD
Guelmim-Oued Noun,Tagante,4 779 MAD,7 674 MAD
Guelmim-Oued Noun,Sbouya,4 779 MAD,7 788 MAD
Guelmim-Oued Noun,Abaynou,4 720 MAD,7 901 MAD
Guelmim-Oued Noun,Aday,4 719 MAD,7 901 MAD
Guelmim-Oued Noun,Aferkat,4 719 MAD,7 901 MAD
Guelmim-Oued Noun,Ait Boufoulen,4 719 MAD,7 380 MAD
Guelmim-Oued Noun,Amtdi,4 719 MAD,8 015 MAD
Guelmim-Oued Noun,Tiglit,4 719 MAD,7 596 MAD
Guelmim-Oued Noun,Echatea El Abied,4 719 MAD,6 897 MAD
Guelmim-Oued Noun,Mesti,4 719 MAD,8 015 MAD
Guelmim-Oued Noun,Tangarfa,4 719 MAD,8 102 MAD
Guelmim-Oued Noun,Imi N'Fast,4 719 MAD,8 015 MAD
Guelmim-Oued Noun,Boutrouch,4 645 MAD,7 788 MAD
Guelmim-Oued Noun,Aouint Yghomane,4 603 MAD,7 665 MAD
Guelmim-Oued Noun,Touizgui,4 603 MAD,6 297 MAD
Guelmim-Oued Noun,Sidi M'Bark,4 591 MAD,8 015 MAD
Guelmim-Oued Noun,Ibdar,4 591 MAD,7 988 MAD
Guelmim-Oued Noun,Sidi H'Saine Ou Ali,4 591 MAD,8 015 MAD
Guelmim-Oued Noun,Ait Erkha,4 591 MAD,7 901 MAD
Guelmim-Oued Noun,Mirleft,4 581 MAD,7 234 MAD
Guelmim-Oued Noun,El Ouatia,4 568 MAD,7 556 MAD
Guelmim-Oued Noun,Tilemzoun,4 545 MAD,6 983 MAD
Guelmim-Oued Noun,Aouint Lahna,4 545 MAD,6 524 MAD
Guelmim-Oued Noun,Asrir,4 470 MAD,7 283 MAD
Guelmim-Oued Noun,Sidi Ifni,4 469 MAD,6 889 MAD
Guelmim-Oued Noun,Zag,4 458 MAD,
Guelmim-Oued Noun,Assa,4 456 MAD,
Guelmim-Oued Noun,Fask,4 410 MAD,7 901 MAD
Guelmim-Oued Noun,Labyar,4 410 MAD,6 783 MAD
Guelmim-Oued Noun,Laqsabi Tagoust,4 410 MAD,7 959 MAD
Guelmim-Oued Noun,Rass Oumlil,4 410 MAD,6 867 MAD
Guelmim-Oued Noun,Taliouine Assaka,4 410 MAD,7 901 MAD
Guelmim-Oued Noun,Targa Wassay,4 410 MAD,7 871 MAD
Guelmim-Oued Noun,Tnine Amellou,4 410 MAD,7 985 MAD
Guelmim-Oued Noun,Al Mahbass,4 360 MAD,7 305 MAD
Guelmim-Oued Noun,Tighirt,4 318 MAD,8 015 MAD
Guelmim-Oued Noun,Tioughza,4 318 MAD,8 015 MAD
Guelmim-Oued Noun,Sebt Ennabour,4 318 MAD,8 060 MAD
Guelmim-Oued Noun,Sidi AbdallahOu Belaid,4 318 MAD,7 901 MAD
Guelmim-Oued Noun,Bouizakarne,4 315 MAD,7 901 MAD
Guelmim-Oued Noun,Lakhsas,4 314 MAD,7 901 MAD
Guelmim-Oued Noun,Anfeg,4 282 MAD,7 959 MAD
Guelmim-Oued Noun,Tan Tan,4 142 MAD,7 843 MAD
Guelmim-Oued Noun,Arbaa Ait Abdellah,4 122 MAD,8 102 MAD
Guelmim-Oued Noun,Ifrane Atlas Saghir,4 009 MAD,7 901 MAD
Guelmim-Oued Noun,Guelmim,4 004 MAD,7 007 MAD
Guelmim-Oued Noun,Timoulay,3 995 MAD,7 674 MAD
Laayoune-Sakia El Hamra,Lamssid,5 159 MAD,5 097 MAD
Laayoune-Sakia El Hamra,Jraifia,5 159 MAD,5 097 MAD
Laayoune-Sakia El Hamra,Tifariti,5 105 MAD,7 221 MAD
Laayoune-Sakia El Hamra,El Hagounia,5 105 MAD,7 221 MAD
Laayoune-Sakia El Hamra,Jdiriya,5 036 MAD,7 221 MAD
Laayoune-Sakia El Hamra,Boukraa,4 970 MAD,5 437 MAD
Laayoune-Sakia El Hamra,Sidi Ahmed Laaroussi,4 854 MAD,5 761 MAD
Laayoune-Sakia El Hamra,Daoura,4 854 MAD,
Laayoune-Sakia El Hamra,Tah,4 851 MAD,6 850 MAD
Laayoune-Sakia El Hamra,Akhfennir,4 796 MAD,7 107 MAD
Laayoune-Sakia El Hamra,Haouza,4 786 MAD,5 761 MAD
Laayoune-Sakia El Hamra,Amgala,4 784 MAD,6 950 MAD
Laayoune-Sakia El Hamra,Dcheira,4 779 MAD,5 212 MAD
Laayoune-Sakia El Hamra,Gueltat Zemmour,4 728 MAD,5 973 MAD
Laayoune-Sakia El Hamra,Foum El Oued,4 719 MAD,6 783 MAD
Laayoune-Sakia El Hamra,Es-semara,4 456 MAD,8 211 MAD
Laayoune-Sakia El Hamra,El Marsa,4 379 MAD,8 348 MAD
Laayoune-Sakia El Hamra,Tarfaya,4 297 MAD,8 043 MAD
Laayoune-Sakia El Hamra,Boujdour,4 200 MAD,
Laayoune-Sakia El Hamra,Laayoune,4 182 MAD,7 221 MAD
Eddakhla-Oued Eddahab,Aousserd,5 159 MAD,6 879 MAD
Eddakhla-Oued Eddahab,Bir Gandouz,5 159 MAD,6 879 MAD
Eddakhla-Oued Eddahab,Tichla,5 094 MAD,4 747 MAD
Eddakhla-Oued Eddahab,Gleibat El Foula,4 923 MAD,7 245 MAD
Eddakhla-Oued Eddahab,Bir Anzarane,4 905 MAD,3 858 MAD
Eddakhla-Oued Eddahab,Oum Dreyga,4 899 MAD,5 242 MAD
Eddakhla-Oued Eddahab,Imlili,4 823 MAD,
Eddakhla-Oued Eddahab,Lagouira,4 816 MAD,3 875 MAD
Eddakhla-Oued Eddahab,Zoug,4 816 MAD,3 875 MAD
Eddakhla-Oued Eddahab,Aghouinite,4 816 MAD,3 875 MAD
Eddakhla-Oued Eddahab,Mijik,4 665 MAD,3 552 MAD
Eddakhla-Oued Eddahab,Dakhla,4 430 MAD,7 674 MAD
Eddakhla-Oued Eddahab,El Argoub,5 704 MAD,6 704 MAD